backend,case,explanation,images_per_sec,kind,max_run_ms,median_ms,min_run_ms,p95_ms,repetitions,run_spread_percent,size,transform,valid,variant
albumentations,,,337.1648749725211,layer1_transform,3.0624485000000004,2.9659079999999998,2.8564925,5.623544,3,6.944112898984072,1024,Affine,True,stock
albumentations,,,6158.924898069792,layer1_transform,0.1625655,0.162366,0.16050599999999998,0.214161,3,1.268430582757486,224,Affine,True,stock
albumentations,,,1405.6809188655031,layer1_transform,0.716674,0.711399,0.709529,0.744415,3,1.0043590165294114,512,Affine,True,stock
albumentations,,,26212.31979030144,layer1_transform,0.03919,0.03815,0.036065,0.045,3,8.191349934469207,1024,CenterCrop,True,stock
albumentations,,,206611.5702479339,layer1_transform,0.004965499999999999,0.00484,0.00483,0.00564,3,2.7995867768594906,224,CenterCrop,True,stock
albumentations,,,92378.75288683604,layer1_transform,0.010884999999999999,0.010825,0.0106605,0.01148,3,2.07390300230946,512,CenterCrop,True,stock
albumentations,,,966.5930928224179,layer1_transform,1.0385214999999999,1.0345615000000001,1.020246,1.083757,3,1.766497206787599,1024,ColorJitter,True,stock
albumentations,,,15418.773899099544,layer1_transform,0.0655255,0.064856,0.063845,0.09522,3,2.5911249537436807,224,ColorJitter,True,stock
albumentations,,,3804.64661491079,layer1_transform,0.266306,0.26283650000000003,0.26140149999999995,0.320692,3,1.8659889322830099,512,ColorJitter,True,stock
albumentations,,,1105.0822733752527,layer1_transform,0.910571,0.90491,0.894596,0.941455,3,1.7653689317169743,1024,GaussianBlur,True,stock
albumentations,,,23767.082590612,layer1_transform,0.0421355,0.042075,0.04203,0.0594,3,0.25074272133096,224,GaussianBlur,True,stock
albumentations,,,5460.721033605277,layer1_transform,0.1962515,0.183126,0.182666,0.224782,3,7.418662560204449,512,GaussianBlur,True,stock
albumentations,,,4011.770534748953,layer1_transform,0.25573199999999996,0.2492665,0.2237415,0.291622,3,12.833854529188619,1024,Grayscale,True,stock
albumentations,,,70372.97677691767,layer1_transform,0.01576,0.01421,0.014204999999999999,0.017101,3,10.942997888810702,224,Grayscale,True,stock
albumentations,,,14946.454327372188,layer1_transform,0.067545,0.0669055,0.057185,0.081381,3,15.48452668315758,512,Grayscale,True,stock
albumentations,,,12784.290663632528,layer1_transform,0.079146,0.078221,0.077596,0.10035,3,1.9815650528630366,1024,HorizontalFlip,True,stock
albumentations,,,168634.06408094434,layer1_transform,0.005965,0.00593,0.005915,0.00696,3,0.8431703204047167,224,HorizontalFlip,True,stock
albumentations,,,55187.63796909492,layer1_transform,0.01825,0.01812,0.018015000000000003,0.02163,3,1.2969094922737063,512,HorizontalFlip,True,stock
albumentations,,,16238.906796794441,layer1_transform,0.06785050000000001,0.061580499999999996,0.06046,0.076361,3,12.001364068170945,1024,Invert,True,stock
albumentations,,,215517.24137931035,layer1_transform,0.00464,0.00464,0.00456,0.005081,3,1.7241379310344873,224,Invert,True,stock
albumentations,,,71556.35062611807,layer1_transform,0.01408,0.013975,0.013770500000000001,0.01754,3,2.214669051878347,512,Invert,True,stock
albumentations,,,596.9276135729401,layer1_transform,1.7144300000000001,1.6752449999999999,1.660914,1.759271,3,3.194517816796953,1024,Normalize,True,stock
albumentations,,,11739.08705120003,layer1_transform,0.086216,0.0851855,0.0848905,0.102471,3,1.5560159886365723,224,Normalize,True,stock
albumentations,,,2476.5501656192923,layer1_transform,0.405572,0.4037875,0.394852,0.437853,3,2.654861777543883,512,Normalize,True,stock
albumentations,,,9845.378333275903,layer1_transform,0.1044805,0.1015705,0.1001705,0.131051,3,4.243358061641922,1024,Posterize,True,stock
albumentations,,,122100.12210012211,layer1_transform,0.00828,0.00819,0.008095499999999999,0.0089,3,2.2527472527472607,224,Posterize,True,stock
albumentations,,,42211.903756859436,layer1_transform,0.02422,0.02369,0.02365,0.03376,3,2.4060785141409777,512,Posterize,True,stock
albumentations,,,19718.03214039239,layer1_transform,0.05549,0.050714999999999996,0.047115500000000005,0.06929,3,16.512866015971596,1024,RandomCrop,True,stock
albumentations,,,198019.80198019804,layer1_transform,0.00506,0.00505,0.0049755,0.00588,3,1.6732673267326807,224,RandomCrop,True,stock
albumentations,,,88413.42115733167,layer1_transform,0.01171,0.011310500000000001,0.011290499999999998,0.02432,3,3.7089430175500766,512,RandomCrop,True,stock
albumentations,,,1794.982485458398,layer1_transform,0.5702929999999999,0.5571085,0.5356730000000001,0.626884,3,6.214229364656951,1024,Resize,True,stock
albumentations,,,32456.994482310936,layer1_transform,0.0309,0.03081,0.03073,0.04065,3,0.551768906199286,224,Resize,True,stock
albumentations,,,7597.889306350696,layer1_transform,0.13240049999999998,0.1316155,0.130401,0.155751,3,1.5191979668048121,512,Resize,True,stock
albumentations,,,9022.78704869147,layer1_transform,0.113376,0.1108305,0.10424549999999999,0.159271,3,8.238255714807758,1024,Solarize,True,stock
albumentations,,,59453.03210463733,layer1_transform,0.017095,0.01682,0.0166505,0.01881,3,2.6426872770511323,224,Solarize,True,stock
albumentations,,,30821.390044691016,layer1_transform,0.0327855,0.032445,0.03223,0.04232,3,1.712128216982587,512,Solarize,True,stock
albumentations,,,15719.439444789401,layer1_transform,0.06409100000000001,0.06361549999999999,0.0538,0.07707,3,16.176875132632787,1024,VerticalFlip,True,stock
albumentations,,,208116.5452653486,layer1_transform,0.00481,0.004805,0.00479,0.0055,3,0.4162330905306983,224,VerticalFlip,True,stock
albumentations,,,70969.80234910046,layer1_transform,0.01412,0.014090499999999999,0.01395,0.01745,3,1.206486639934708,512,VerticalFlip,True,stock
albumentationsx,,,336.88942581576936,layer1_transform,3.177694,2.968333,2.873648,5.676324,3,10.242988236158126,1024,Affine,True,stock
albumentationsx,,,6525.90294024557,layer1_transform,0.153236,0.1532355,0.153136,0.194311,3,0.06525902940246663,224,Affine,True,stock
albumentationsx,,,1452.6775753068055,layer1_transform,0.6892240000000001,0.688384,0.685624,0.715044,3,0.5229639271104569,512,Affine,True,stock
albumentationsx,,,22750.022750022752,layer1_transform,0.050485,0.043955999999999995,0.040870000000000004,0.06392,3,21.874146874146874,1024,CenterCrop,True,stock
albumentationsx,,,161812.29773462785,layer1_transform,0.0064150000000000006,0.00618,0.006005,0.00709,3,6.634304207119751,224,CenterCrop,True,stock
albumentationsx,,,78339.20877399138,layer1_transform,0.013045,0.012765,0.012375,0.01497,3,5.248726987857412,512,CenterCrop,True,stock
albumentationsx,,,224.87618598295015,layer1_transform,4.557187000000001,4.4468914999999996,4.4373765,5.064511,3,2.6942528280710407,1024,ColorJitter,True,stock
albumentationsx,,,4642.39621923252,layer1_transform,0.221451,0.215406,0.213451,0.276062,3,3.713916975386019,224,ColorJitter,True,stock
albumentationsx,,,984.5077854875676,layer1_transform,1.015911,1.015736,1.0137715,1.072927,3,0.21063544070506124,512,ColorJitter,True,stock
albumentationsx,,,1196.0005740802756,layer1_transform,0.83891,0.83612,0.8210395,0.852705,3,2.1373128259101577,1024,GaussianBlur,True,stock
albumentationsx,,,21597.805662944647,layer1_transform,0.046645,0.046300999999999995,0.04607,0.07542,3,1.2418738256193154,224,GaussianBlur,True,stock
albumentationsx,,,5063.393688986106,layer1_transform,0.200816,0.197496,0.197071,0.237291,3,1.896240936525296,512,GaussianBlur,True,stock
albumentationsx,,,4822.623893207816,layer1_transform,0.2099365,0.207356,0.207341,0.234461,3,1.2517120314820889,1024,Grayscale,True,stock
albumentationsx,,,73179.65605561654,layer1_transform,0.01368,0.013665,0.013655,0.01475,3,0.18294914013903388,224,Grayscale,True,stock
albumentationsx,,,19223.37562475971,layer1_transform,0.052115,0.05202,0.051685499999999995,0.07012,3,0.8256439830834416,512,Grayscale,True,stock
albumentationsx,,,11733.64623056615,layer1_transform,0.08540500000000001,0.085225,0.0838005,0.100711,3,1.8826635376943488,1024,HorizontalFlip,True,stock
albumentationsx,,,138888.8888888889,layer1_transform,0.00721,0.0072,0.00712,0.00816,3,1.2500000000000093,224,HorizontalFlip,True,stock
albumentationsx,,,50403.22580645161,layer1_transform,0.020464999999999997,0.01984,0.01958,0.02472,3,4.460685483870952,512,HorizontalFlip,True,stock
albumentationsx,,,15781.458364567472,layer1_transform,0.07234550000000001,0.06336549999999999,0.0625105,0.086131,3,15.521064301552126,1024,Invert,True,stock
albumentationsx,,,177304.9645390071,layer1_transform,0.00569,0.005639999999999999,0.0056355,0.00667,3,0.9663120567375864,224,Invert,True,stock
albumentationsx,,,65659.88181221274,layer1_transform,0.01525,0.01523,0.01521,0.0206,3,0.26263952724885165,512,Invert,True,stock
albumentationsx,,,957.271240891564,layer1_transform,1.047047,1.0446360000000001,1.040601,1.072037,3,0.6170570418786976,1024,Normalize,True,stock
albumentationsx,,,17831.51006142955,layer1_transform,0.05617,0.0560805,0.0559905,0.083011,3,0.32007560560265885,224,Normalize,True,stock
albumentationsx,,,3829.781530112614,layer1_transform,0.261536,0.26111150000000005,0.259717,0.287312,3,0.6966372603274903,512,Normalize,True,stock
albumentationsx,,,14454.940337233757,layer1_transform,0.07460549999999999,0.0691805,0.0674005,0.092701,3,10.414784512976906,1024,Posterize,True,stock
albumentationsx,,,131752.30566534915,layer1_transform,0.00771,0.00759,0.00753,0.00833,3,2.3715415019762793,224,Posterize,True,stock
albumentationsx,,,58105.75246949448,layer1_transform,0.0174,0.01721,0.017185,0.03393,3,1.249273678094131,512,Posterize,True,stock
albumentationsx,,,17697.548889478807,layer1_transform,0.07432549999999999,0.056505,0.056005,0.083551,3,32.42279444296963,1024,RandomCrop,True,stock
albumentationsx,,,143061.5164520744,layer1_transform,0.0073,0.00699,0.00688,0.01023,3,6.008583690987128,224,RandomCrop,True,stock
albumentationsx,,,71864.89399928135,layer1_transform,0.013989999999999999,0.013915,0.01368,0.01526,3,2.2278117139777183,512,RandomCrop,True,stock
albumentationsx,,,1669.3710477640448,layer1_transform,0.6248585,0.5990279999999999,0.5574034999999999,0.647364,3,11.26074240269237,1024,Resize,True,stock
albumentationsx,,,33282.85433758799,layer1_transform,0.03029,0.030045500000000003,0.02994,0.04422,3,1.1648999018155783,224,Resize,True,stock
albumentationsx,,,7835.087086992972,layer1_transform,0.1396405,0.127631,0.12754,0.171381,3,9.480847129615858,512,Resize,True,stock
albumentationsx,,,14031.05071523281,layer1_transform,0.07215550000000001,0.0712705,0.06722600000000001,0.09469,3,6.916606450074019,1024,Solarize,True,stock
albumentationsx,,,104876.7697954903,layer1_transform,0.009595,0.009535,0.009465,0.01071,3,1.363398007341373,224,Solarize,True,stock
albumentationsx,,,47812.57470714798,layer1_transform,0.020965,0.020915,0.0204855,0.02882,3,2.292612957207749,512,Solarize,True,stock
albumentationsx,,,15460.729746444033,layer1_transform,0.06553,0.06468,0.0616105,0.083251,3,6.059833024118748,1024,VerticalFlip,True,stock
albumentationsx,,,161550.8885298869,layer1_transform,0.006215,0.00619,0.00619,0.00722,3,0.4038772213247149,224,VerticalFlip,True,stock
albumentationsx,,,62285.892245406416,layer1_transform,0.01644,0.016055,0.01561,0.02005,3,5.169729056368727,512,VerticalFlip,True,stock
rust,,"{""buffers"":[{""condition"":""always"",""dtype"":""uint8"",""layout"":""HWC"",""lifecycle"":""borrowed-for-call"",""name"":""input""},{""condition"":""always"",""dtype"":""uint8"",""layout"":""HWC"",""lifecycle"":""owned-per-run-workspace-reusable"",""name"":""working-u8""},{""condition"":""out-of-place-step-applied"",""dtype"":""uint8"",""layout"":""HWC"",""lifecycle"":""owned-per-run-workspace-reusable"",""name"":""scratch-u8""}],""copies"":[{""condition"":""non-contiguous-input"",""count"":""0-or-1"",""reason"":""normalize-to-contiguous-HWC"",""stage"":""python-entry""},{""condition"":""always"",""count"":""1"",""reason"":""establish-owned-working-buffer"",""stage"":""native-entry""},{""condition"":""always"",""count"":""0"",""reason"":""transfer-Rust-Vec-ownership-to-NumPy-storage"",""stage"":""python-output""}],""fallbacks"":[""runtime-avx2-or-scalar""],""fusions"":[],""input"":{""channels"":""RGB"",""container"":""borrowed-buffer"",""contiguous"":true,""dtype"":""uint8"",""layout"":""HWC"",""ownership"":""caller""},""mode"":""compiled"",""optimizations"":[],""output"":{""channels"":""RGB"",""container"":""owned-buffer"",""contiguous"":true,""dtype"":""uint8"",""layout"":""HWC"",""ownership"":""result""},""output_dtype"":""uint8"",""output_layout"":""HWC"",""passes"":1,""pixel_passes"":1,""python_boundary"":{""crossings_per_call"":1,""gil"":""held-during-augmentation"",""input"":""NumPy HWC RGB uint8"",""input_access"":""read-only-borrow"",""output"":""owned contiguous NumPy array""},""sampling"":""native-plan-before-execution"",""schema_version"":2,""steps"":[{""allocation"":""workspace-u8"",""category"":""geometry"",""execution"":""out-of-place"",""fallback"":""runtime-avx2-or-scalar"",""input_materialization"":""owned-input-copy"",""kernel_form"":""owned-to-owned"",""name"":""Affine"",""output_slot"":""scratch-u8"",""pixel_passes"":1,""policies"":[{""name"":""degrees"",""value"":""[-10,10]""},{""name"":""translate-fraction"",""value"":""[-0,0]x[-0,0]""},{""name"":""scale"",""value"":""[1,1]""},{""name"":""shear-degrees"",""value"":""[0,0]x[0,0]""},{""name"":""interpolation"",""value"":""bilinear""},{""name"":""border"",""value"":""constant""},{""name"":""fill"",""value"":""[0,0,0]""}],""probability"":1.0,""scratch_slots"":[],""selection_reason"":""benchmark-policy:affine-copy-then-transform"",""status"":""always""}],""transforms"":[""Affine""],""unit_specializations"":[]}",310.11651232426277,layer1_transform,3.2647,3.2245945000000003,3.206915,4.058875,3,1.7920082664657517,1024,Affine,True,compiled
rust,,"{""buffers"":[{""condition"":""always"",""dtype"":""uint8"",""layout"":""HWC"",""lifecycle"":""borrowed-for-call"",""name"":""input""},{""condition"":""always"",""dtype"":""uint8"",""layout"":""HWC"",""lifecycle"":""owned-per-run-workspace-reusable"",""name"":""working-u8""},{""condition"":""out-of-place-step-applied"",""dtype"":""uint8"",""layout"":""HWC"",""lifecycle"":""owned-per-run-workspace-reusable"",""name"":""scratch-u8""}],""copies"":[{""condition"":""non-contiguous-input"",""count"":""0-or-1"",""reason"":""normalize-to-contiguous-HWC"",""stage"":""python-entry""},{""condition"":""always"",""count"":""1"",""reason"":""establish-owned-working-buffer"",""stage"":""native-entry""},{""condition"":""always"",""count"":""0"",""reason"":""transfer-Rust-Vec-ownership-to-NumPy-storage"",""stage"":""python-output""}],""fallbacks"":[""runtime-avx2-or-scalar""],""fusions"":[],""input"":{""channels"":""RGB"",""container"":""borrowed-buffer"",""contiguous"":true,""dtype"":""uint8"",""layout"":""HWC"",""ownership"":""caller""},""mode"":""compiled"",""optimizations"":[],""output"":{""channels"":""RGB"",""container"":""owned-buffer"",""contiguous"":true,""dtype"":""uint8"",""layout"":""HWC"",""ownership"":""result""},""output_dtype"":""uint8"",""output_layout"":""HWC"",""passes"":1,""pixel_passes"":1,""python_boundary"":{""crossings_per_call"":1,""gil"":""held-during-augmentation"",""input"":""NumPy HWC RGB uint8"",""input_access"":""read-only-borrow"",""output"":""owned contiguous NumPy array""},""sampling"":""native-plan-before-execution"",""schema_version"":2,""steps"":[{""allocation"":""workspace-u8"",""category"":""geometry"",""execution"":""out-of-place"",""fallback"":""runtime-avx2-or-scalar"",""input_materialization"":""owned-input-copy"",""kernel_form"":""owned-to-owned"",""name"":""Affine"",""output_slot"":""scratch-u8"",""pixel_passes"":1,""policies"":[{""name"":""degrees"",""value"":""[-10,10]""},{""name"":""translate-fraction"",""value"":""[-0,0]x[-0,0]""},{""name"":""scale"",""value"":""[1,1]""},{""name"":""shear-degrees"",""value"":""[0,0]x[0,0]""},{""name"":""interpolation"",""value"":""bilinear""},{""name"":""border"",""value"":""constant""},{""name"":""fill"",""value"":""[0,0,0]""}],""probability"":1.0,""scratch_slots"":[],""selection_reason"":""benchmark-policy:affine-copy-then-transform"",""status"":""always""}],""transforms"":[""Affine""],""unit_specializations"":[]}",6044.0855600751875,layer1_transform,0.166406,0.16545100000000001,0.164791,0.195321,3,0.9761198179521461,224,Affine,True,compiled
rust,,"{""buffers"":[{""condition"":""always"",""dtype"":""uint8"",""layout"":""HWC"",""lifecycle"":""borrowed-for-call"",""name"":""input""},{""condition"":""always"",""dtype"":""uint8"",""layout"":""HWC"",""lifecycle"":""owned-per-run-workspace-reusable"",""name"":""working-u8""},{""condition"":""out-of-place-step-applied"",""dtype"":""uint8"",""layout"":""HWC"",""lifecycle"":""owned-per-run-workspace-reusable"",""name"":""scratch-u8""}],""copies"":[{""condition"":""non-contiguous-input"",""count"":""0-or-1"",""reason"":""normalize-to-contiguous-HWC"",""stage"":""python-entry""},{""condition"":""always"",""count"":""1"",""reason"":""establish-owned-working-buffer"",""stage"":""native-entry""},{""condition"":""always"",""count"":""0"",""reason"":""transfer-Rust-Vec-ownership-to-NumPy-storage"",""stage"":""python-output""}],""fallbacks"":[""runtime-avx2-or-scalar""],""fusions"":[],""input"":{""channels"":""RGB"",""container"":""borrowed-buffer"",""contiguous"":true,""dtype"":""uint8"",""layout"":""HWC"",""ownership"":""caller""},""mode"":""compiled"",""optimizations"":[],""output"":{""channels"":""RGB"",""container"":""owned-buffer"",""contiguous"":true,""dtype"":""uint8"",""layout"":""HWC"",""ownership"":""result""},""output_dtype"":""uint8"",""output_layout"":""HWC"",""passes"":1,""pixel_passes"":1,""python_boundary"":{""crossings_per_call"":1,""gil"":""held-during-augmentation"",""input"":""NumPy HWC RGB uint8"",""input_access"":""read-only-borrow"",""output"":""owned contiguous NumPy array""},""sampling"":""native-plan-before-execution"",""schema_version"":2,""steps"":[{""allocation"":""workspace-u8"",""category"":""geometry"",""execution"":""out-of-place"",""fallback"":""runtime-avx2-or-scalar"",""input_materialization"":""owned-input-copy"",""kernel_form"":""owned-to-owned"",""name"":""Affine"",""output_slot"":""scratch-u8"",""pixel_passes"":1,""policies"":[{""name"":""degrees"",""value"":""[-10,10]""},{""name"":""translate-fraction"",""value"":""[-0,0]x[-0,0]""},{""name"":""scale"",""value"":""[1,1]""},{""name"":""shear-degrees"",""value"":""[0,0]x[0,0]""},{""name"":""interpolation"",""value"":""bilinear""},{""name"":""border"",""value"":""constant""},{""name"":""fill"",""value"":""[0,0,0]""}],""probability"":1.0,""scratch_slots"":[],""selection_reason"":""benchmark-policy:affine-copy-then-transform"",""status"":""always""}],""transforms"":[""Affine""],""unit_specializations"":[]}",1215.5616198574146,layer1_transform,0.826255,0.822665,0.822295,0.994306,3,0.4813624014635318,512,Affine,True,compiled
rust,,"{""buffers"":[{""condition"":""always"",""dtype"":""uint8"",""layout"":""HWC"",""lifecycle"":""borrowed-for-call"",""name"":""input""},{""condition"":""always"",""dtype"":""uint8"",""layout"":""HWC"",""lifecycle"":""owned-per-run-workspace-reusable"",""name"":""working-u8""}],""copies"":[{""condition"":""non-contiguous-input"",""count"":""0-or-1"",""reason"":""normalize-to-contiguous-HWC"",""stage"":""python-entry""},{""condition"":""always-elided"",""count"":""0"",""reason"":""establish-owned-working-buffer"",""stage"":""native-entry""},{""condition"":""always"",""count"":""0"",""reason"":""transfer-Rust-Vec-ownership-to-NumPy-storage"",""stage"":""python-output""}],""fallbacks"":[""portable-scalar""],""fusions"":[],""input"":{""channels"":""RGB"",""container"":""borrowed-buffer"",""contiguous"":true,""dtype"":""uint8"",""layout"":""HWC"",""ownership"":""caller""},""mode"":""compiled"",""optimizations"":[""input-copy-elision""],""output"":{""channels"":""RGB"",""container"":""owned-buffer"",""contiguous"":true,""dtype"":""uint8"",""layout"":""HWC"",""ownership"":""result""},""output_dtype"":""uint8"",""output_layout"":""HWC"",""passes"":1,""pixel_passes"":1,""python_boundary"":{""crossings_per_call"":1,""gil"":""held-during-augmentation"",""input"":""NumPy HWC RGB uint8"",""input_access"":""read-only-borrow"",""output"":""owned contiguous NumPy array""},""sampling"":""native-plan-before-execution"",""schema_version"":2,""steps"":[{""allocation"":""workspace-u8"",""category"":""geometry"",""execution"":""out-of-place"",""fallback"":""portable-scalar"",""input_materialization"":""borrowed-input"",""kernel_form"":""borrowed-to-owned"",""name"":""CenterCrop"",""output_slot"":""working-u8"",""pixel_passes"":1,""policies"":[{""name"":""size"",""value"":""768x768""},{""name"":""odd-remainder"",""value"":""bottom-right""}],""probability"":1.0,""scratch_slots"":[],""selection_reason"":""benchmark-policy:elide-entry-copy"",""status"":""always""}],""transforms"":[""CenterCrop""],""unit_specializations"":[]}",22927.891780350797,layer1_transform,0.04575,0.043615,0.040655,0.064191,3,11.681760862088735,1024,CenterCrop,True,compiled
rust,,"{""buffers"":[{""condition"":""always"",""dtype"":""uint8"",""layout"":""HWC"",""lifecycle"":""borrowed-for-call"",""name"":""input""},{""condition"":""always"",""dtype"":""uint8"",""layout"":""HWC"",""lifecycle"":""owned-per-run-workspace-reusable"",""name"":""working-u8""}],""copies"":[{""condition"":""non-contiguous-input"",""count"":""0-or-1"",""reason"":""normalize-to-contiguous-HWC"",""stage"":""python-entry""},{""condition"":""always-elided"",""count"":""0"",""reason"":""establish-owned-working-buffer"",""stage"":""native-entry""},{""condition"":""always"",""count"":""0"",""reason"":""transfer-Rust-Vec-ownership-to-NumPy-storage"",""stage"":""python-output""}],""fallbacks"":[""portable-scalar""],""fusions"":[],""input"":{""channels"":""RGB"",""container"":""borrowed-buffer"",""contiguous"":true,""dtype"":""uint8"",""layout"":""HWC"",""ownership"":""caller""},""mode"":""compiled"",""optimizations"":[""input-copy-elision""],""output"":{""channels"":""RGB"",""container"":""owned-buffer"",""contiguous"":true,""dtype"":""uint8"",""layout"":""HWC"",""ownership"":""result""},""output_dtype"":""uint8"",""output_layout"":""HWC"",""passes"":1,""pixel_passes"":1,""python_boundary"":{""crossings_per_call"":1,""gil"":""held-during-augmentation"",""input"":""NumPy HWC RGB uint8"",""input_access"":""read-only-borrow"",""output"":""owned contiguous NumPy array""},""sampling"":""native-plan-before-execution"",""schema_version"":2,""steps"":[{""allocation"":""workspace-u8"",""category"":""geometry"",""execution"":""out-of-place"",""fallback"":""portable-scalar"",""input_materialization"":""borrowed-input"",""kernel_form"":""borrowed-to-owned"",""name"":""CenterCrop"",""output_slot"":""working-u8"",""pixel_passes"":1,""policies"":[{""name"":""size"",""value"":""168x168""},{""name"":""odd-remainder"",""value"":""bottom-right""}],""probability"":1.0,""scratch_slots"":[],""selection_reason"":""benchmark-policy:elide-entry-copy"",""status"":""always""}],""transforms"":[""CenterCrop""],""unit_specializations"":[]}",566411.7813650523,layer1_transform,0.001815,0.0017655000000000001,0.00174,0.00189,3,4.248088360237891,224,CenterCrop,True,compiled
rust,,"{""buffers"":[{""condition"":""always"",""dtype"":""uint8"",""layout"":""HWC"",""lifecycle"":""borrowed-for-call"",""name"":""input""},{""condition"":""always"",""dtype"":""uint8"",""layout"":""HWC"",""lifecycle"":""owned-per-run-workspace-reusable"",""name"":""working-u8""}],""copies"":[{""condition"":""non-contiguous-input"",""count"":""0-or-1"",""reason"":""normalize-to-contiguous-HWC"",""stage"":""python-entry""},{""condition"":""always-elided"",""count"":""0"",""reason"":""establish-owned-working-buffer"",""stage"":""native-entry""},{""condition"":""always"",""count"":""0"",""reason"":""transfer-Rust-Vec-ownership-to-NumPy-storage"",""stage"":""python-output""}],""fallbacks"":[""portable-scalar""],""fusions"":[],""input"":{""channels"":""RGB"",""container"":""borrowed-buffer"",""contiguous"":true,""dtype"":""uint8"",""layout"":""HWC"",""ownership"":""caller""},""mode"":""compiled"",""optimizations"":[""input-copy-elision""],""output"":{""channels"":""RGB"",""container"":""owned-buffer"",""contiguous"":true,""dtype"":""uint8"",""layout"":""HWC"",""ownership"":""result""},""output_dtype"":""uint8"",""output_layout"":""HWC"",""passes"":1,""pixel_passes"":1,""python_boundary"":{""crossings_per_call"":1,""gil"":""held-during-augmentation"",""input"":""NumPy HWC RGB uint8"",""input_access"":""read-only-borrow"",""output"":""owned contiguous NumPy array""},""sampling"":""native-plan-before-execution"",""schema_version"":2,""steps"":[{""allocation"":""workspace-u8"",""category"":""geometry"",""execution"":""out-of-place"",""fallback"":""portable-scalar"",""input_materialization"":""borrowed-input"",""kernel_form"":""borrowed-to-owned"",""name"":""CenterCrop"",""output_slot"":""working-u8"",""pixel_passes"":1,""policies"":[{""name"":""size"",""value"":""384x384""},{""name"":""odd-remainder"",""value"":""bottom-right""}],""probability"":1.0,""scratch_slots"":[],""selection_reason"":""benchmark-policy:elide-entry-copy"",""status"":""always""}],""transforms"":[""CenterCrop""],""unit_specializations"":[]}",106723.58591248665,layer1_transform,0.009395,0.00937,0.0092055,0.01019,3,2.022411953041627,512,CenterCrop,True,compiled
rust,,"{""buffers"":[{""condition"":""always"",""dtype"":""uint8"",""layout"":""HWC"",""lifecycle"":""borrowed-for-call"",""name"":""input""},{""condition"":""always"",""dtype"":""uint8"",""layout"":""HWC"",""lifecycle"":""owned-per-run-workspace-reusable"",""name"":""working-u8""}],""copies"":[{""condition"":""non-contiguous-input"",""count"":""0-or-1"",""reason"":""normalize-to-contiguous-HWC"",""stage"":""python-entry""},{""condition"":""always"",""count"":""1"",""reason"":""establish-owned-working-buffer"",""stage"":""native-entry""},{""condition"":""always"",""count"":""0"",""reason"":""transfer-Rust-Vec-ownership-to-NumPy-storage"",""stage"":""python-output""}],""fallbacks"":[""runtime-avx2-or-numeric-safety-scalar""],""fusions"":[],""input"":{""channels"":""RGB"",""container"":""borrowed-buffer"",""contiguous"":true,""dtype"":""uint8"",""layout"":""HWC"",""ownership"":""caller""},""mode"":""compiled"",""optimizations"":[],""output"":{""channels"":""RGB"",""container"":""owned-buffer"",""contiguous"":true,""dtype"":""uint8"",""layout"":""HWC"",""ownership"":""result""},""output_dtype"":""uint8"",""output_layout"":""HWC"",""passes"":1,""pixel_passes"":2,""python_boundary"":{""crossings_per_call"":1,""gil"":""held-during-augmentation"",""input"":""NumPy HWC RGB uint8"",""input_access"":""read-only-borrow"",""output"":""owned contiguous NumPy array""},""sampling"":""native-plan-before-execution"",""schema_version"":2,""steps"":[{""allocation"":""none"",""category"":""color"",""execution"":""in-place"",""fallback"":""runtime-avx2-or-numeric-safety-scalar"",""input_materialization"":""owned-input-copy"",""kernel_form"":""owned-in-place"",""name"":""ColorJitter"",""output_slot"":""working-u8"",""pixel_passes"":2,""policies"":[{""name"":""brightness"",""value"":""[0.8,1.2]""},{""name"":""contrast"",""value"":""[0.8,1.2]""},{""name"":""saturation"",""value"":""[0.8,1.2]""},{""name"":""hue"",""value"":""[0,0]""},{""name"":""order"",""value"":""uniform-random-permutation""}],""probability"":1.0,""scratch_slots"":[],""selection_reason"":""benchmark-policy:composed-color-matrix"",""status"":""always""}],""transforms"":[""ColorJitter""],""unit_specializations"":[""ColorJitter:composed-color-matrix""]}",957.8805551684121,layer1_transform,1.0461215,1.0439715,1.0386265,1.063937,3,0.7179314760987277,1024,ColorJitter,True,compiled
rust,,"{""buffers"":[{""condition"":""always"",""dtype"":""uint8"",""layout"":""HWC"",""lifecycle"":""borrowed-for-call"",""name"":""input""},{""condition"":""always"",""dtype"":""uint8"",""layout"":""HWC"",""lifecycle"":""owned-per-run-workspace-reusable"",""name"":""working-u8""}],""copies"":[{""condition"":""non-contiguous-input"",""count"":""0-or-1"",""reason"":""normalize-to-contiguous-HWC"",""stage"":""python-entry""},{""condition"":""always"",""count"":""1"",""reason"":""establish-owned-working-buffer"",""stage"":""native-entry""},{""condition"":""always"",""count"":""0"",""reason"":""transfer-Rust-Vec-ownership-to-NumPy-storage"",""stage"":""python-output""}],""fallbacks"":[""runtime-avx2-or-numeric-safety-scalar""],""fusions"":[],""input"":{""channels"":""RGB"",""container"":""borrowed-buffer"",""contiguous"":true,""dtype"":""uint8"",""layout"":""HWC"",""ownership"":""caller""},""mode"":""compiled"",""optimizations"":[],""output"":{""channels"":""RGB"",""container"":""owned-buffer"",""contiguous"":true,""dtype"":""uint8"",""layout"":""HWC"",""ownership"":""result""},""output_dtype"":""uint8"",""output_layout"":""HWC"",""passes"":1,""pixel_passes"":2,""python_boundary"":{""crossings_per_call"":1,""gil"":""held-during-augmentation"",""input"":""NumPy HWC RGB uint8"",""input_access"":""read-only-borrow"",""output"":""owned contiguous NumPy array""},""sampling"":""native-plan-before-execution"",""schema_version"":2,""steps"":[{""allocation"":""none"",""category"":""color"",""execution"":""in-place"",""fallback"":""runtime-avx2-or-numeric-safety-scalar"",""input_materialization"":""owned-input-copy"",""kernel_form"":""owned-in-place"",""name"":""ColorJitter"",""output_slot"":""working-u8"",""pixel_passes"":2,""policies"":[{""name"":""brightness"",""value"":""[0.8,1.2]""},{""name"":""contrast"",""value"":""[0.8,1.2]""},{""name"":""saturation"",""value"":""[0.8,1.2]""},{""name"":""hue"",""value"":""[0,0]""},{""name"":""order"",""value"":""uniform-random-permutation""}],""probability"":1.0,""scratch_slots"":[],""selection_reason"":""benchmark-policy:composed-color-matrix"",""status"":""always""}],""transforms"":[""ColorJitter""],""unit_specializations"":[""ColorJitter:composed-color-matrix""]}",20865.718667515208,layer1_transform,0.0481,0.047925499999999996,0.0479155,0.05041,3,0.3849725094156497,224,ColorJitter,True,compiled
rust,,"{""buffers"":[{""condition"":""always"",""dtype"":""uint8"",""layout"":""HWC"",""lifecycle"":""borrowed-for-call"",""name"":""input""},{""condition"":""always"",""dtype"":""uint8"",""layout"":""HWC"",""lifecycle"":""owned-per-run-workspace-reusable"",""name"":""working-u8""}],""copies"":[{""condition"":""non-contiguous-input"",""count"":""0-or-1"",""reason"":""normalize-to-contiguous-HWC"",""stage"":""python-entry""},{""condition"":""always"",""count"":""1"",""reason"":""establish-owned-working-buffer"",""stage"":""native-entry""},{""condition"":""always"",""count"":""0"",""reason"":""transfer-Rust-Vec-ownership-to-NumPy-storage"",""stage"":""python-output""}],""fallbacks"":[""runtime-avx2-or-numeric-safety-scalar""],""fusions"":[],""input"":{""channels"":""RGB"",""container"":""borrowed-buffer"",""contiguous"":true,""dtype"":""uint8"",""layout"":""HWC"",""ownership"":""caller""},""mode"":""compiled"",""optimizations"":[],""output"":{""channels"":""RGB"",""container"":""owned-buffer"",""contiguous"":true,""dtype"":""uint8"",""layout"":""HWC"",""ownership"":""result""},""output_dtype"":""uint8"",""output_layout"":""HWC"",""passes"":1,""pixel_passes"":2,""python_boundary"":{""crossings_per_call"":1,""gil"":""held-during-augmentation"",""input"":""NumPy HWC RGB uint8"",""input_access"":""read-only-borrow"",""output"":""owned contiguous NumPy array""},""sampling"":""native-plan-before-execution"",""schema_version"":2,""steps"":[{""allocation"":""none"",""category"":""color"",""execution"":""in-place"",""fallback"":""runtime-avx2-or-numeric-safety-scalar"",""input_materialization"":""owned-input-copy"",""kernel_form"":""owned-in-place"",""name"":""ColorJitter"",""output_slot"":""working-u8"",""pixel_passes"":2,""policies"":[{""name"":""brightness"",""value"":""[0.8,1.2]""},{""name"":""contrast"",""value"":""[0.8,1.2]""},{""name"":""saturation"",""value"":""[0.8,1.2]""},{""name"":""hue"",""value"":""[0,0]""},{""name"":""order"",""value"":""uniform-random-permutation""}],""probability"":1.0,""scratch_slots"":[],""selection_reason"":""benchmark-policy:composed-color-matrix"",""status"":""always""}],""transforms"":[""ColorJitter""],""unit_specializations"":[""ColorJitter:composed-color-matrix""]}",3986.2633365422757,layer1_transform,0.25606700000000004,0.25086149999999996,0.25068650000000003,0.272251,3,2.1448089882265755,512,ColorJitter,True,compiled
rust,,"{""buffers"":[{""condition"":""always"",""dtype"":""uint8"",""layout"":""HWC"",""lifecycle"":""borrowed-for-call"",""name"":""input""},{""condition"":""always"",""dtype"":""uint8"",""layout"":""HWC"",""lifecycle"":""owned-per-run-workspace-reusable"",""name"":""working-u8""},{""condition"":""GaussianBlur-applied"",""dtype"":""uint16"",""layout"":""HWC"",""lifecycle"":""owned-per-run-workspace-reusable"",""name"":""blur-temp""}],""copies"":[{""condition"":""non-contiguous-input"",""count"":""0-or-1"",""reason"":""normalize-to-contiguous-HWC"",""stage"":""python-entry""},{""condition"":""always"",""count"":""1"",""reason"":""establish-owned-working-buffer"",""stage"":""native-entry""},{""condition"":""always"",""count"":""0"",""reason"":""transfer-Rust-Vec-ownership-to-NumPy-storage"",""stage"":""python-output""}],""fallbacks"":[""runtime-avx2-or-scalar""],""fusions"":[],""input"":{""channels"":""RGB"",""container"":""borrowed-buffer"",""contiguous"":true,""dtype"":""uint8"",""layout"":""HWC"",""ownership"":""caller""},""mode"":""compiled"",""optimizations"":[],""output"":{""channels"":""RGB"",""container"":""owned-buffer"",""contiguous"":true,""dtype"":""uint8"",""layout"":""HWC"",""ownership"":""result""},""output_dtype"":""uint8"",""output_layout"":""HWC"",""passes"":1,""pixel_passes"":2,""python_boundary"":{""crossings_per_call"":1,""gil"":""held-during-augmentation"",""input"":""NumPy HWC RGB uint8"",""input_access"":""read-only-borrow"",""output"":""owned contiguous NumPy array""},""sampling"":""native-plan-before-execution"",""schema_version"":2,""steps"":[{""allocation"":""workspace-u16"",""category"":""filter"",""execution"":""in-place"",""fallback"":""runtime-avx2-or-scalar"",""input_materialization"":""owned-input-copy"",""kernel_form"":""owned-in-place"",""name"":""GaussianBlur"",""output_slot"":""working-u8"",""pixel_passes"":2,""policies"":[{""name"":""kernel-size"",""value"":""5""},{""name"":""sigma"",""value"":""[1.1,1.1]""},{""name"":""border"",""value"":""reflect101""}],""probability"":1.0,""scratch_slots"":[""blur-temp""],""selection_reason"":""semantic-legality:owned-in-place"",""status"":""always""}],""transforms"":[""GaussianBlur""],""unit_specializations"":[]}",1564.8497196571727,layer1_transform,0.641934,0.639039,0.6374685,0.661454,3,0.6987836423129122,1024,GaussianBlur,True,compiled
rust,,"{""buffers"":[{""condition"":""always"",""dtype"":""uint8"",""layout"":""HWC"",""lifecycle"":""borrowed-for-call"",""name"":""input""},{""condition"":""always"",""dtype"":""uint8"",""layout"":""HWC"",""lifecycle"":""owned-per-run-workspace-reusable"",""name"":""working-u8""},{""condition"":""GaussianBlur-applied"",""dtype"":""uint16"",""layout"":""HWC"",""lifecycle"":""owned-per-run-workspace-reusable"",""name"":""blur-temp""}],""copies"":[{""condition"":""non-contiguous-input"",""count"":""0-or-1"",""reason"":""normalize-to-contiguous-HWC"",""stage"":""python-entry""},{""condition"":""always"",""count"":""1"",""reason"":""establish-owned-working-buffer"",""stage"":""native-entry""},{""condition"":""always"",""count"":""0"",""reason"":""transfer-Rust-Vec-ownership-to-NumPy-storage"",""stage"":""python-output""}],""fallbacks"":[""runtime-avx2-or-scalar""],""fusions"":[],""input"":{""channels"":""RGB"",""container"":""borrowed-buffer"",""contiguous"":true,""dtype"":""uint8"",""layout"":""HWC"",""ownership"":""caller""},""mode"":""compiled"",""optimizations"":[],""output"":{""channels"":""RGB"",""container"":""owned-buffer"",""contiguous"":true,""dtype"":""uint8"",""layout"":""HWC"",""ownership"":""result""},""output_dtype"":""uint8"",""output_layout"":""HWC"",""passes"":1,""pixel_passes"":2,""python_boundary"":{""crossings_per_call"":1,""gil"":""held-during-augmentation"",""input"":""NumPy HWC RGB uint8"",""input_access"":""read-only-borrow"",""output"":""owned contiguous NumPy array""},""sampling"":""native-plan-before-execution"",""schema_version"":2,""steps"":[{""allocation"":""workspace-u16"",""category"":""filter"",""execution"":""in-place"",""fallback"":""runtime-avx2-or-scalar"",""input_materialization"":""owned-input-copy"",""kernel_form"":""owned-in-place"",""name"":""GaussianBlur"",""output_slot"":""working-u8"",""pixel_passes"":2,""policies"":[{""name"":""kernel-size"",""value"":""5""},{""name"":""sigma"",""value"":""[1.1,1.1]""},{""name"":""border"",""value"":""reflect101""}],""probability"":1.0,""scratch_slots"":[""blur-temp""],""selection_reason"":""semantic-legality:owned-in-place"",""status"":""always""}],""transforms"":[""GaussianBlur""],""unit_specializations"":[]}",31776.294884016526,layer1_transform,0.03155,0.03147,0.03142,0.03435,3,0.4130918334922311,224,GaussianBlur,True,compiled
rust,,"{""buffers"":[{""condition"":""always"",""dtype"":""uint8"",""layout"":""HWC"",""lifecycle"":""borrowed-for-call"",""name"":""input""},{""condition"":""always"",""dtype"":""uint8"",""layout"":""HWC"",""lifecycle"":""owned-per-run-workspace-reusable"",""name"":""working-u8""},{""condition"":""GaussianBlur-applied"",""dtype"":""uint16"",""layout"":""HWC"",""lifecycle"":""owned-per-run-workspace-reusable"",""name"":""blur-temp""}],""copies"":[{""condition"":""non-contiguous-input"",""count"":""0-or-1"",""reason"":""normalize-to-contiguous-HWC"",""stage"":""python-entry""},{""condition"":""always"",""count"":""1"",""reason"":""establish-owned-working-buffer"",""stage"":""native-entry""},{""condition"":""always"",""count"":""0"",""reason"":""transfer-Rust-Vec-ownership-to-NumPy-storage"",""stage"":""python-output""}],""fallbacks"":[""runtime-avx2-or-scalar""],""fusions"":[],""input"":{""channels"":""RGB"",""container"":""borrowed-buffer"",""contiguous"":true,""dtype"":""uint8"",""layout"":""HWC"",""ownership"":""caller""},""mode"":""compiled"",""optimizations"":[],""output"":{""channels"":""RGB"",""container"":""owned-buffer"",""contiguous"":true,""dtype"":""uint8"",""layout"":""HWC"",""ownership"":""result""},""output_dtype"":""uint8"",""output_layout"":""HWC"",""passes"":1,""pixel_passes"":2,""python_boundary"":{""crossings_per_call"":1,""gil"":""held-during-augmentation"",""input"":""NumPy HWC RGB uint8"",""input_access"":""read-only-borrow"",""output"":""owned contiguous NumPy array""},""sampling"":""native-plan-before-execution"",""schema_version"":2,""steps"":[{""allocation"":""workspace-u16"",""category"":""filter"",""execution"":""in-place"",""fallback"":""runtime-avx2-or-scalar"",""input_materialization"":""owned-input-copy"",""kernel_form"":""owned-in-place"",""name"":""GaussianBlur"",""output_slot"":""working-u8"",""pixel_passes"":2,""policies"":[{""name"":""kernel-size"",""value"":""5""},{""name"":""sigma"",""value"":""[1.1,1.1]""},{""name"":""border"",""value"":""reflect101""}],""probability"":1.0,""scratch_slots"":[""blur-temp""],""selection_reason"":""semantic-legality:owned-in-place"",""status"":""always""}],""transforms"":[""GaussianBlur""],""unit_specializations"":[]}",6318.077282721322,layer1_transform,0.15854600000000002,0.158276,0.158026,0.172141,3,0.32854001870152166,512,GaussianBlur,True,compiled
rust,,"{""buffers"":[{""condition"":""always"",""dtype"":""uint8"",""layout"":""HWC"",""lifecycle"":""borrowed-for-call"",""name"":""input""},{""condition"":""always"",""dtype"":""uint8"",""layout"":""HWC"",""lifecycle"":""owned-per-run-workspace-reusable"",""name"":""working-u8""}],""copies"":[{""condition"":""non-contiguous-input"",""count"":""0-or-1"",""reason"":""normalize-to-contiguous-HWC"",""stage"":""python-entry""},{""condition"":""always"",""count"":""1"",""reason"":""establish-owned-working-buffer"",""stage"":""native-entry""},{""condition"":""always"",""count"":""0"",""reason"":""transfer-Rust-Vec-ownership-to-NumPy-storage"",""stage"":""python-output""}],""fallbacks"":[""runtime-avx2-or-scalar""],""fusions"":[],""input"":{""channels"":""RGB"",""container"":""borrowed-buffer"",""contiguous"":true,""dtype"":""uint8"",""layout"":""HWC"",""ownership"":""caller""},""mode"":""compiled"",""optimizations"":[],""output"":{""channels"":""RGB"",""container"":""owned-buffer"",""contiguous"":true,""dtype"":""uint8"",""layout"":""HWC"",""ownership"":""result""},""output_dtype"":""uint8"",""output_layout"":""HWC"",""passes"":1,""pixel_passes"":1,""python_boundary"":{""crossings_per_call"":1,""gil"":""held-during-augmentation"",""input"":""NumPy HWC RGB uint8"",""input_access"":""read-only-borrow"",""output"":""owned contiguous NumPy array""},""sampling"":""native-plan-before-execution"",""schema_version"":2,""steps"":[{""allocation"":""none"",""category"":""color"",""execution"":""in-place"",""fallback"":""runtime-avx2-or-scalar"",""input_materialization"":""owned-input-copy"",""kernel_form"":""owned-in-place"",""name"":""Grayscale"",""output_slot"":""working-u8"",""pixel_passes"":1,""policies"":[{""name"":""coefficients"",""value"":""bt601-q8""},{""name"":""channels"",""value"":""replicate-rgb""}],""probability"":1.0,""scratch_slots"":[],""selection_reason"":""semantic-legality:owned-in-place"",""status"":""always""}],""transforms"":[""Grayscale""],""unit_specializations"":[]}",4874.933579029986,layer1_transform,0.209266,0.205131,0.202161,0.239052,3,3.4636403079008047,1024,Grayscale,True,compiled
rust,,"{""buffers"":[{""condition"":""always"",""dtype"":""uint8"",""layout"":""HWC"",""lifecycle"":""borrowed-for-call"",""name"":""input""},{""condition"":""always"",""dtype"":""uint8"",""layout"":""HWC"",""lifecycle"":""owned-per-run-workspace-reusable"",""name"":""working-u8""}],""copies"":[{""condition"":""non-contiguous-input"",""count"":""0-or-1"",""reason"":""normalize-to-contiguous-HWC"",""stage"":""python-entry""},{""condition"":""always"",""count"":""1"",""reason"":""establish-owned-working-buffer"",""stage"":""native-entry""},{""condition"":""always"",""count"":""0"",""reason"":""transfer-Rust-Vec-ownership-to-NumPy-storage"",""stage"":""python-output""}],""fallbacks"":[""runtime-avx2-or-scalar""],""fusions"":[],""input"":{""channels"":""RGB"",""container"":""borrowed-buffer"",""contiguous"":true,""dtype"":""uint8"",""layout"":""HWC"",""ownership"":""caller""},""mode"":""compiled"",""optimizations"":[],""output"":{""channels"":""RGB"",""container"":""owned-buffer"",""contiguous"":true,""dtype"":""uint8"",""layout"":""HWC"",""ownership"":""result""},""output_dtype"":""uint8"",""output_layout"":""HWC"",""passes"":1,""pixel_passes"":1,""python_boundary"":{""crossings_per_call"":1,""gil"":""held-during-augmentation"",""input"":""NumPy HWC RGB uint8"",""input_access"":""read-only-borrow"",""output"":""owned contiguous NumPy array""},""sampling"":""native-plan-before-execution"",""schema_version"":2,""steps"":[{""allocation"":""none"",""category"":""color"",""execution"":""in-place"",""fallback"":""runtime-avx2-or-scalar"",""input_materialization"":""owned-input-copy"",""kernel_form"":""owned-in-place"",""name"":""Grayscale"",""output_slot"":""working-u8"",""pixel_passes"":1,""policies"":[{""name"":""coefficients"",""value"":""bt601-q8""},{""name"":""channels"",""value"":""replicate-rgb""}],""probability"":1.0,""scratch_slots"":[],""selection_reason"":""semantic-legality:owned-in-place"",""status"":""always""}],""transforms"":[""Grayscale""],""unit_specializations"":[]}",107642.62648008612,layer1_transform,0.00934,0.00929,0.00924,0.00943,3,1.0764262648008547,224,Grayscale,True,compiled
rust,,"{""buffers"":[{""condition"":""always"",""dtype"":""uint8"",""layout"":""HWC"",""lifecycle"":""borrowed-for-call"",""name"":""input""},{""condition"":""always"",""dtype"":""uint8"",""layout"":""HWC"",""lifecycle"":""owned-per-run-workspace-reusable"",""name"":""working-u8""}],""copies"":[{""condition"":""non-contiguous-input"",""count"":""0-or-1"",""reason"":""normalize-to-contiguous-HWC"",""stage"":""python-entry""},{""condition"":""always"",""count"":""1"",""reason"":""establish-owned-working-buffer"",""stage"":""native-entry""},{""condition"":""always"",""count"":""0"",""reason"":""transfer-Rust-Vec-ownership-to-NumPy-storage"",""stage"":""python-output""}],""fallbacks"":[""runtime-avx2-or-scalar""],""fusions"":[],""input"":{""channels"":""RGB"",""container"":""borrowed-buffer"",""contiguous"":true,""dtype"":""uint8"",""layout"":""HWC"",""ownership"":""caller""},""mode"":""compiled"",""optimizations"":[],""output"":{""channels"":""RGB"",""container"":""owned-buffer"",""contiguous"":true,""dtype"":""uint8"",""layout"":""HWC"",""ownership"":""result""},""output_dtype"":""uint8"",""output_layout"":""HWC"",""passes"":1,""pixel_passes"":1,""python_boundary"":{""crossings_per_call"":1,""gil"":""held-during-augmentation"",""input"":""NumPy HWC RGB uint8"",""input_access"":""read-only-borrow"",""output"":""owned contiguous NumPy array""},""sampling"":""native-plan-before-execution"",""schema_version"":2,""steps"":[{""allocation"":""none"",""category"":""color"",""execution"":""in-place"",""fallback"":""runtime-avx2-or-scalar"",""input_materialization"":""owned-input-copy"",""kernel_form"":""owned-in-place"",""name"":""Grayscale"",""output_slot"":""working-u8"",""pixel_passes"":1,""policies"":[{""name"":""coefficients"",""value"":""bt601-q8""},{""name"":""channels"",""value"":""replicate-rgb""}],""probability"":1.0,""scratch_slots"":[],""selection_reason"":""semantic-legality:owned-in-place"",""status"":""always""}],""transforms"":[""Grayscale""],""unit_specializations"":[]}",20652.622883106156,layer1_transform,0.04842,0.04842,0.048321,0.05122,3,0.20446096654274049,512,Grayscale,True,compiled
rust,,"{""buffers"":[{""condition"":""always"",""dtype"":""uint8"",""layout"":""HWC"",""lifecycle"":""borrowed-for-call"",""name"":""input""},{""condition"":""always"",""dtype"":""uint8"",""layout"":""HWC"",""lifecycle"":""owned-per-run-workspace-reusable"",""name"":""working-u8""}],""copies"":[{""condition"":""non-contiguous-input"",""count"":""0-or-1"",""reason"":""normalize-to-contiguous-HWC"",""stage"":""python-entry""},{""condition"":""always"",""count"":""1"",""reason"":""establish-owned-working-buffer"",""stage"":""native-entry""},{""condition"":""always"",""count"":""0"",""reason"":""transfer-Rust-Vec-ownership-to-NumPy-storage"",""stage"":""python-output""}],""fallbacks"":[""runtime-avx2-or-scalar""],""fusions"":[],""input"":{""channels"":""RGB"",""container"":""borrowed-buffer"",""contiguous"":true,""dtype"":""uint8"",""layout"":""HWC"",""ownership"":""caller""},""mode"":""compiled"",""optimizations"":[],""output"":{""channels"":""RGB"",""container"":""owned-buffer"",""contiguous"":true,""dtype"":""uint8"",""layout"":""HWC"",""ownership"":""result""},""output_dtype"":""uint8"",""output_layout"":""HWC"",""passes"":1,""pixel_passes"":1,""python_boundary"":{""crossings_per_call"":1,""gil"":""held-during-augmentation"",""input"":""NumPy HWC RGB uint8"",""input_access"":""read-only-borrow"",""output"":""owned contiguous NumPy array""},""sampling"":""native-plan-before-execution"",""schema_version"":2,""steps"":[{""allocation"":""none"",""category"":""geometry"",""execution"":""in-place"",""fallback"":""runtime-avx2-or-scalar"",""input_materialization"":""owned-input-copy"",""kernel_form"":""owned-in-place"",""name"":""HorizontalFlip"",""output_slot"":""working-u8"",""pixel_passes"":1,""policies"":[],""probability"":1.0,""scratch_slots"":[],""selection_reason"":""semantic-legality:owned-in-place"",""status"":""always""}],""transforms"":[""HorizontalFlip""],""unit_specializations"":[]}",9746.96869273656,layer1_transform,0.10511999999999999,0.10259599999999999,0.1024405,0.116761,3,2.6117002612187488,1024,HorizontalFlip,True,compiled
rust,,"{""buffers"":[{""condition"":""always"",""dtype"":""uint8"",""layout"":""HWC"",""lifecycle"":""borrowed-for-call"",""name"":""input""},{""condition"":""always"",""dtype"":""uint8"",""layout"":""HWC"",""lifecycle"":""owned-per-run-workspace-reusable"",""name"":""working-u8""}],""copies"":[{""condition"":""non-contiguous-input"",""count"":""0-or-1"",""reason"":""normalize-to-contiguous-HWC"",""stage"":""python-entry""},{""condition"":""always"",""count"":""1"",""reason"":""establish-owned-working-buffer"",""stage"":""native-entry""},{""condition"":""always"",""count"":""0"",""reason"":""transfer-Rust-Vec-ownership-to-NumPy-storage"",""stage"":""python-output""}],""fallbacks"":[""runtime-avx2-or-scalar""],""fusions"":[],""input"":{""channels"":""RGB"",""container"":""borrowed-buffer"",""contiguous"":true,""dtype"":""uint8"",""layout"":""HWC"",""ownership"":""caller""},""mode"":""compiled"",""optimizations"":[],""output"":{""channels"":""RGB"",""container"":""owned-buffer"",""contiguous"":true,""dtype"":""uint8"",""layout"":""HWC"",""ownership"":""result""},""output_dtype"":""uint8"",""output_layout"":""HWC"",""passes"":1,""pixel_passes"":1,""python_boundary"":{""crossings_per_call"":1,""gil"":""held-during-augmentation"",""input"":""NumPy HWC RGB uint8"",""input_access"":""read-only-borrow"",""output"":""owned contiguous NumPy array""},""sampling"":""native-plan-before-execution"",""schema_version"":2,""steps"":[{""allocation"":""none"",""category"":""geometry"",""execution"":""in-place"",""fallback"":""runtime-avx2-or-scalar"",""input_materialization"":""owned-input-copy"",""kernel_form"":""owned-in-place"",""name"":""HorizontalFlip"",""output_slot"":""working-u8"",""pixel_passes"":1,""policies"":[],""probability"":1.0,""scratch_slots"":[],""selection_reason"":""semantic-legality:owned-in-place"",""status"":""always""}],""transforms"":[""HorizontalFlip""],""unit_specializations"":[]}",241545.8937198068,layer1_transform,0.00415,0.00414,0.004035,0.00423,3,2.7777777777777697,224,HorizontalFlip,True,compiled
rust,,"{""buffers"":[{""condition"":""always"",""dtype"":""uint8"",""layout"":""HWC"",""lifecycle"":""borrowed-for-call"",""name"":""input""},{""condition"":""always"",""dtype"":""uint8"",""layout"":""HWC"",""lifecycle"":""owned-per-run-workspace-reusable"",""name"":""working-u8""}],""copies"":[{""condition"":""non-contiguous-input"",""count"":""0-or-1"",""reason"":""normalize-to-contiguous-HWC"",""stage"":""python-entry""},{""condition"":""always"",""count"":""1"",""reason"":""establish-owned-working-buffer"",""stage"":""native-entry""},{""condition"":""always"",""count"":""0"",""reason"":""transfer-Rust-Vec-ownership-to-NumPy-storage"",""stage"":""python-output""}],""fallbacks"":[""runtime-avx2-or-scalar""],""fusions"":[],""input"":{""channels"":""RGB"",""container"":""borrowed-buffer"",""contiguous"":true,""dtype"":""uint8"",""layout"":""HWC"",""ownership"":""caller""},""mode"":""compiled"",""optimizations"":[],""output"":{""channels"":""RGB"",""container"":""owned-buffer"",""contiguous"":true,""dtype"":""uint8"",""layout"":""HWC"",""ownership"":""result""},""output_dtype"":""uint8"",""output_layout"":""HWC"",""passes"":1,""pixel_passes"":1,""python_boundary"":{""crossings_per_call"":1,""gil"":""held-during-augmentation"",""input"":""NumPy HWC RGB uint8"",""input_access"":""read-only-borrow"",""output"":""owned contiguous NumPy array""},""sampling"":""native-plan-before-execution"",""schema_version"":2,""steps"":[{""allocation"":""none"",""category"":""geometry"",""execution"":""in-place"",""fallback"":""runtime-avx2-or-scalar"",""input_materialization"":""owned-input-copy"",""kernel_form"":""owned-in-place"",""name"":""HorizontalFlip"",""output_slot"":""working-u8"",""pixel_passes"":1,""policies"":[],""probability"":1.0,""scratch_slots"":[],""selection_reason"":""semantic-legality:owned-in-place"",""status"":""always""}],""transforms"":[""HorizontalFlip""],""unit_specializations"":[]}",45620.437956204376,layer1_transform,0.0220955,0.021920000000000002,0.0219005,0.02368,3,0.8895985401459886,512,HorizontalFlip,True,compiled
rust,,"{""buffers"":[{""condition"":""always"",""dtype"":""uint8"",""layout"":""HWC"",""lifecycle"":""borrowed-for-call"",""name"":""input""},{""condition"":""always"",""dtype"":""uint8"",""layout"":""HWC"",""lifecycle"":""owned-per-run-workspace-reusable"",""name"":""working-u8""}],""copies"":[{""condition"":""non-contiguous-input"",""count"":""0-or-1"",""reason"":""normalize-to-contiguous-HWC"",""stage"":""python-entry""},{""condition"":""always-elided"",""count"":""0"",""reason"":""establish-owned-working-buffer"",""stage"":""native-entry""},{""condition"":""always"",""count"":""0"",""reason"":""transfer-Rust-Vec-ownership-to-NumPy-storage"",""stage"":""python-output""}],""fallbacks"":[""runtime-avx2-or-scalar""],""fusions"":[],""input"":{""channels"":""RGB"",""container"":""borrowed-buffer"",""contiguous"":true,""dtype"":""uint8"",""layout"":""HWC"",""ownership"":""caller""},""mode"":""compiled"",""optimizations"":[""input-copy-elision""],""output"":{""channels"":""RGB"",""container"":""owned-buffer"",""contiguous"":true,""dtype"":""uint8"",""layout"":""HWC"",""ownership"":""result""},""output_dtype"":""uint8"",""output_layout"":""HWC"",""passes"":1,""pixel_passes"":1,""python_boundary"":{""crossings_per_call"":1,""gil"":""held-during-augmentation"",""input"":""NumPy HWC RGB uint8"",""input_access"":""read-only-borrow"",""output"":""owned contiguous NumPy array""},""sampling"":""native-plan-before-execution"",""schema_version"":2,""steps"":[{""allocation"":""none"",""category"":""color"",""execution"":""in-place"",""fallback"":""runtime-avx2-or-scalar"",""input_materialization"":""borrowed-input"",""kernel_form"":""borrowed-to-owned"",""name"":""Invert"",""output_slot"":""working-u8"",""pixel_passes"":1,""policies"":[],""probability"":1.0,""scratch_slots"":[],""selection_reason"":""benchmark-policy:elide-entry-copy"",""status"":""always""}],""transforms"":[""Invert""],""unit_specializations"":[]}",12404.562398050002,layer1_transform,0.083801,0.0806155,0.069955,0.09976,3,17.17535709634003,1024,Invert,True,compiled
rust,,"{""buffers"":[{""condition"":""always"",""dtype"":""uint8"",""layout"":""HWC"",""lifecycle"":""borrowed-for-call"",""name"":""input""},{""condition"":""always"",""dtype"":""uint8"",""layout"":""HWC"",""lifecycle"":""owned-per-run-workspace-reusable"",""name"":""working-u8""}],""copies"":[{""condition"":""non-contiguous-input"",""count"":""0-or-1"",""reason"":""normalize-to-contiguous-HWC"",""stage"":""python-entry""},{""condition"":""always-elided"",""count"":""0"",""reason"":""establish-owned-working-buffer"",""stage"":""native-entry""},{""condition"":""always"",""count"":""0"",""reason"":""transfer-Rust-Vec-ownership-to-NumPy-storage"",""stage"":""python-output""}],""fallbacks"":[""runtime-avx2-or-scalar""],""fusions"":[],""input"":{""channels"":""RGB"",""container"":""borrowed-buffer"",""contiguous"":true,""dtype"":""uint8"",""layout"":""HWC"",""ownership"":""caller""},""mode"":""compiled"",""optimizations"":[""input-copy-elision""],""output"":{""channels"":""RGB"",""container"":""owned-buffer"",""contiguous"":true,""dtype"":""uint8"",""layout"":""HWC"",""ownership"":""result""},""output_dtype"":""uint8"",""output_layout"":""HWC"",""passes"":1,""pixel_passes"":1,""python_boundary"":{""crossings_per_call"":1,""gil"":""held-during-augmentation"",""input"":""NumPy HWC RGB uint8"",""input_access"":""read-only-borrow"",""output"":""owned contiguous NumPy array""},""sampling"":""native-plan-before-execution"",""schema_version"":2,""steps"":[{""allocation"":""none"",""category"":""color"",""execution"":""in-place"",""fallback"":""runtime-avx2-or-scalar"",""input_materialization"":""borrowed-input"",""kernel_form"":""borrowed-to-owned"",""name"":""Invert"",""output_slot"":""working-u8"",""pixel_passes"":1,""policies"":[],""probability"":1.0,""scratch_slots"":[],""selection_reason"":""benchmark-policy:elide-entry-copy"",""status"":""always""}],""transforms"":[""Invert""],""unit_specializations"":[]}",365630.71297989035,layer1_transform,0.0027755,0.0027349999999999996,0.00273,0.00288,3,1.6636197440585156,224,Invert,True,compiled
rust,,"{""buffers"":[{""condition"":""always"",""dtype"":""uint8"",""layout"":""HWC"",""lifecycle"":""borrowed-for-call"",""name"":""input""},{""condition"":""always"",""dtype"":""uint8"",""layout"":""HWC"",""lifecycle"":""owned-per-run-workspace-reusable"",""name"":""working-u8""}],""copies"":[{""condition"":""non-contiguous-input"",""count"":""0-or-1"",""reason"":""normalize-to-contiguous-HWC"",""stage"":""python-entry""},{""condition"":""always-elided"",""count"":""0"",""reason"":""establish-owned-working-buffer"",""stage"":""native-entry""},{""condition"":""always"",""count"":""0"",""reason"":""transfer-Rust-Vec-ownership-to-NumPy-storage"",""stage"":""python-output""}],""fallbacks"":[""runtime-avx2-or-scalar""],""fusions"":[],""input"":{""channels"":""RGB"",""container"":""borrowed-buffer"",""contiguous"":true,""dtype"":""uint8"",""layout"":""HWC"",""ownership"":""caller""},""mode"":""compiled"",""optimizations"":[""input-copy-elision""],""output"":{""channels"":""RGB"",""container"":""owned-buffer"",""contiguous"":true,""dtype"":""uint8"",""layout"":""HWC"",""ownership"":""result""},""output_dtype"":""uint8"",""output_layout"":""HWC"",""passes"":1,""pixel_passes"":1,""python_boundary"":{""crossings_per_call"":1,""gil"":""held-during-augmentation"",""input"":""NumPy HWC RGB uint8"",""input_access"":""read-only-borrow"",""output"":""owned contiguous NumPy array""},""sampling"":""native-plan-before-execution"",""schema_version"":2,""steps"":[{""allocation"":""none"",""category"":""color"",""execution"":""in-place"",""fallback"":""runtime-avx2-or-scalar"",""input_materialization"":""borrowed-input"",""kernel_form"":""borrowed-to-owned"",""name"":""Invert"",""output_slot"":""working-u8"",""pixel_passes"":1,""policies"":[],""probability"":1.0,""scratch_slots"":[],""selection_reason"":""benchmark-policy:elide-entry-copy"",""status"":""always""}],""transforms"":[""Invert""],""unit_specializations"":[]}",62266.500622665,layer1_transform,0.016075,0.01606,0.015835500000000002,0.01644,3,1.491282689912806,512,Invert,True,compiled
rust,,"{""buffers"":[{""condition"":""always"",""dtype"":""uint8"",""layout"":""HWC"",""lifecycle"":""borrowed-for-call"",""name"":""input""},{""condition"":""not-required"",""dtype"":""uint8"",""layout"":""HWC"",""lifecycle"":""owned-per-run-workspace-reusable"",""name"":""working-u8""},{""condition"":""Normalize-applied"",""dtype"":""float32"",""layout"":""HWC"",""lifecycle"":""owned-output"",""name"":""output-f32""}],""copies"":[{""condition"":""non-contiguous-input"",""count"":""0-or-1"",""reason"":""normalize-to-contiguous-HWC"",""stage"":""python-entry""},{""condition"":""always-elided"",""count"":""0"",""reason"":""establish-owned-working-buffer"",""stage"":""native-entry""},{""condition"":""always"",""count"":""0"",""reason"":""transfer-Rust-Vec-ownership-to-NumPy-storage"",""stage"":""python-output""}],""fallbacks"":[""runtime-avx2-or-scalar""],""fusions"":[],""input"":{""channels"":""RGB"",""container"":""borrowed-buffer"",""contiguous"":true,""dtype"":""uint8"",""layout"":""HWC"",""ownership"":""caller""},""mode"":""compiled"",""optimizations"":[""input-copy-elision""],""output"":{""channels"":""RGB"",""container"":""owned-buffer"",""contiguous"":true,""dtype"":""float32"",""layout"":""HWC"",""ownership"":""result""},""output_dtype"":""float32"",""output_layout"":""HWC"",""passes"":1,""pixel_passes"":1,""python_boundary"":{""crossings_per_call"":1,""gil"":""held-during-augmentation"",""input"":""NumPy HWC RGB uint8"",""input_access"":""read-only-borrow"",""output"":""owned contiguous NumPy array""},""sampling"":""native-plan-before-execution"",""schema_version"":2,""steps"":[{""allocation"":""owned-f32-output"",""category"":""dtype"",""execution"":""terminal"",""fallback"":""runtime-avx2-or-scalar"",""input_materialization"":""borrowed-input"",""kernel_form"":""borrowed-to-owned"",""name"":""Normalize"",""output_slot"":""output-f32-hwc"",""pixel_passes"":1,""policies"":[{""name"":""max-pixel-value"",""value"":""255""}],""probability"":1.0,""scratch_slots"":[],""selection_reason"":""benchmark-policy:elide-entry-copy"",""status"":""always""}],""transforms"":[""Normalize""],""unit_specializations"":[]}",3453.7959808176174,layer1_transform,0.294577,0.2895365,0.2588915,0.325152,3,12.325043647346702,1024,Normalize,True,compiled
rust,,"{""buffers"":[{""condition"":""always"",""dtype"":""uint8"",""layout"":""HWC"",""lifecycle"":""borrowed-for-call"",""name"":""input""},{""condition"":""not-required"",""dtype"":""uint8"",""layout"":""HWC"",""lifecycle"":""owned-per-run-workspace-reusable"",""name"":""working-u8""},{""condition"":""Normalize-applied"",""dtype"":""float32"",""layout"":""HWC"",""lifecycle"":""owned-output"",""name"":""output-f32""}],""copies"":[{""condition"":""non-contiguous-input"",""count"":""0-or-1"",""reason"":""normalize-to-contiguous-HWC"",""stage"":""python-entry""},{""condition"":""always-elided"",""count"":""0"",""reason"":""establish-owned-working-buffer"",""stage"":""native-entry""},{""condition"":""always"",""count"":""0"",""reason"":""transfer-Rust-Vec-ownership-to-NumPy-storage"",""stage"":""python-output""}],""fallbacks"":[""runtime-avx2-or-scalar""],""fusions"":[],""input"":{""channels"":""RGB"",""container"":""borrowed-buffer"",""contiguous"":true,""dtype"":""uint8"",""layout"":""HWC"",""ownership"":""caller""},""mode"":""compiled"",""optimizations"":[""input-copy-elision""],""output"":{""channels"":""RGB"",""container"":""owned-buffer"",""contiguous"":true,""dtype"":""float32"",""layout"":""HWC"",""ownership"":""result""},""output_dtype"":""float32"",""output_layout"":""HWC"",""passes"":1,""pixel_passes"":1,""python_boundary"":{""crossings_per_call"":1,""gil"":""held-during-augmentation"",""input"":""NumPy HWC RGB uint8"",""input_access"":""read-only-borrow"",""output"":""owned contiguous NumPy array""},""sampling"":""native-plan-before-execution"",""schema_version"":2,""steps"":[{""allocation"":""owned-f32-output"",""category"":""dtype"",""execution"":""terminal"",""fallback"":""runtime-avx2-or-scalar"",""input_materialization"":""borrowed-input"",""kernel_form"":""borrowed-to-owned"",""name"":""Normalize"",""output_slot"":""output-f32-hwc"",""pixel_passes"":1,""policies"":[{""name"":""max-pixel-value"",""value"":""255""}],""probability"":1.0,""scratch_slots"":[],""selection_reason"":""benchmark-policy:elide-entry-copy"",""status"":""always""}],""transforms"":[""Normalize""],""unit_specializations"":[]}",90090.09009009009,layer1_transform,0.011140500000000001,0.0111,0.01103,0.01129,3,0.9954954954955065,224,Normalize,True,compiled
rust,,"{""buffers"":[{""condition"":""always"",""dtype"":""uint8"",""layout"":""HWC"",""lifecycle"":""borrowed-for-call"",""name"":""input""},{""condition"":""not-required"",""dtype"":""uint8"",""layout"":""HWC"",""lifecycle"":""owned-per-run-workspace-reusable"",""name"":""working-u8""},{""condition"":""Normalize-applied"",""dtype"":""float32"",""layout"":""HWC"",""lifecycle"":""owned-output"",""name"":""output-f32""}],""copies"":[{""condition"":""non-contiguous-input"",""count"":""0-or-1"",""reason"":""normalize-to-contiguous-HWC"",""stage"":""python-entry""},{""condition"":""always-elided"",""count"":""0"",""reason"":""establish-owned-working-buffer"",""stage"":""native-entry""},{""condition"":""always"",""count"":""0"",""reason"":""transfer-Rust-Vec-ownership-to-NumPy-storage"",""stage"":""python-output""}],""fallbacks"":[""runtime-avx2-or-scalar""],""fusions"":[],""input"":{""channels"":""RGB"",""container"":""borrowed-buffer"",""contiguous"":true,""dtype"":""uint8"",""layout"":""HWC"",""ownership"":""caller""},""mode"":""compiled"",""optimizations"":[""input-copy-elision""],""output"":{""channels"":""RGB"",""container"":""owned-buffer"",""contiguous"":true,""dtype"":""float32"",""layout"":""HWC"",""ownership"":""result""},""output_dtype"":""float32"",""output_layout"":""HWC"",""passes"":1,""pixel_passes"":1,""python_boundary"":{""crossings_per_call"":1,""gil"":""held-during-augmentation"",""input"":""NumPy HWC RGB uint8"",""input_access"":""read-only-borrow"",""output"":""owned contiguous NumPy array""},""sampling"":""native-plan-before-execution"",""schema_version"":2,""steps"":[{""allocation"":""owned-f32-output"",""category"":""dtype"",""execution"":""terminal"",""fallback"":""runtime-avx2-or-scalar"",""input_materialization"":""borrowed-input"",""kernel_form"":""borrowed-to-owned"",""name"":""Normalize"",""output_slot"":""output-f32-hwc"",""pixel_passes"":1,""policies"":[{""name"":""max-pixel-value"",""value"":""255""}],""probability"":1.0,""scratch_slots"":[],""selection_reason"":""benchmark-policy:elide-entry-copy"",""status"":""always""}],""transforms"":[""Normalize""],""unit_specializations"":[]}",17602.379841754606,layer1_transform,0.057500499999999996,0.0568105,0.056235499999999994,0.06002,3,2.2267010499819615,512,Normalize,True,compiled
rust,,"{""buffers"":[{""condition"":""always"",""dtype"":""uint8"",""layout"":""HWC"",""lifecycle"":""borrowed-for-call"",""name"":""input""},{""condition"":""always"",""dtype"":""uint8"",""layout"":""HWC"",""lifecycle"":""owned-per-run-workspace-reusable"",""name"":""working-u8""}],""copies"":[{""condition"":""non-contiguous-input"",""count"":""0-or-1"",""reason"":""normalize-to-contiguous-HWC"",""stage"":""python-entry""},{""condition"":""always-elided"",""count"":""0"",""reason"":""establish-owned-working-buffer"",""stage"":""native-entry""},{""condition"":""always"",""count"":""0"",""reason"":""transfer-Rust-Vec-ownership-to-NumPy-storage"",""stage"":""python-output""}],""fallbacks"":[""runtime-avx2-or-scalar""],""fusions"":[],""input"":{""channels"":""RGB"",""container"":""borrowed-buffer"",""contiguous"":true,""dtype"":""uint8"",""layout"":""HWC"",""ownership"":""caller""},""mode"":""compiled"",""optimizations"":[""input-copy-elision""],""output"":{""channels"":""RGB"",""container"":""owned-buffer"",""contiguous"":true,""dtype"":""uint8"",""layout"":""HWC"",""ownership"":""result""},""output_dtype"":""uint8"",""output_layout"":""HWC"",""passes"":1,""pixel_passes"":1,""python_boundary"":{""crossings_per_call"":1,""gil"":""held-during-augmentation"",""input"":""NumPy HWC RGB uint8"",""input_access"":""read-only-borrow"",""output"":""owned contiguous NumPy array""},""sampling"":""native-plan-before-execution"",""schema_version"":2,""steps"":[{""allocation"":""none"",""category"":""color"",""execution"":""in-place"",""fallback"":""runtime-avx2-or-scalar"",""input_materialization"":""borrowed-input"",""kernel_form"":""borrowed-to-owned"",""name"":""Posterize"",""output_slot"":""working-u8"",""pixel_passes"":1,""policies"":[{""name"":""bits"",""value"":""4""}],""probability"":1.0,""scratch_slots"":[],""selection_reason"":""benchmark-policy:elide-entry-copy"",""status"":""always""}],""transforms"":[""Posterize""],""unit_specializations"":[]}",12589.70162407151,layer1_transform,0.0869505,0.07943,0.077405,0.09511,3,12.017499685257457,1024,Posterize,True,compiled
rust,,"{""buffers"":[{""condition"":""always"",""dtype"":""uint8"",""layout"":""HWC"",""lifecycle"":""borrowed-for-call"",""name"":""input""},{""condition"":""always"",""dtype"":""uint8"",""layout"":""HWC"",""lifecycle"":""owned-per-run-workspace-reusable"",""name"":""working-u8""}],""copies"":[{""condition"":""non-contiguous-input"",""count"":""0-or-1"",""reason"":""normalize-to-contiguous-HWC"",""stage"":""python-entry""},{""condition"":""always-elided"",""count"":""0"",""reason"":""establish-owned-working-buffer"",""stage"":""native-entry""},{""condition"":""always"",""count"":""0"",""reason"":""transfer-Rust-Vec-ownership-to-NumPy-storage"",""stage"":""python-output""}],""fallbacks"":[""runtime-avx2-or-scalar""],""fusions"":[],""input"":{""channels"":""RGB"",""container"":""borrowed-buffer"",""contiguous"":true,""dtype"":""uint8"",""layout"":""HWC"",""ownership"":""caller""},""mode"":""compiled"",""optimizations"":[""input-copy-elision""],""output"":{""channels"":""RGB"",""container"":""owned-buffer"",""contiguous"":true,""dtype"":""uint8"",""layout"":""HWC"",""ownership"":""result""},""output_dtype"":""uint8"",""output_layout"":""HWC"",""passes"":1,""pixel_passes"":1,""python_boundary"":{""crossings_per_call"":1,""gil"":""held-during-augmentation"",""input"":""NumPy HWC RGB uint8"",""input_access"":""read-only-borrow"",""output"":""owned contiguous NumPy array""},""sampling"":""native-plan-before-execution"",""schema_version"":2,""steps"":[{""allocation"":""none"",""category"":""color"",""execution"":""in-place"",""fallback"":""runtime-avx2-or-scalar"",""input_materialization"":""borrowed-input"",""kernel_form"":""borrowed-to-owned"",""name"":""Posterize"",""output_slot"":""working-u8"",""pixel_passes"":1,""policies"":[{""name"":""bits"",""value"":""4""}],""probability"":1.0,""scratch_slots"":[],""selection_reason"":""benchmark-policy:elide-entry-copy"",""status"":""always""}],""transforms"":[""Posterize""],""unit_specializations"":[]}",362976.4065335754,layer1_transform,0.00276,0.0027549999999999996,0.00273,0.0029,3,1.088929219600729,224,Posterize,True,compiled
rust,,"{""buffers"":[{""condition"":""always"",""dtype"":""uint8"",""layout"":""HWC"",""lifecycle"":""borrowed-for-call"",""name"":""input""},{""condition"":""always"",""dtype"":""uint8"",""layout"":""HWC"",""lifecycle"":""owned-per-run-workspace-reusable"",""name"":""working-u8""}],""copies"":[{""condition"":""non-contiguous-input"",""count"":""0-or-1"",""reason"":""normalize-to-contiguous-HWC"",""stage"":""python-entry""},{""condition"":""always-elided"",""count"":""0"",""reason"":""establish-owned-working-buffer"",""stage"":""native-entry""},{""condition"":""always"",""count"":""0"",""reason"":""transfer-Rust-Vec-ownership-to-NumPy-storage"",""stage"":""python-output""}],""fallbacks"":[""runtime-avx2-or-scalar""],""fusions"":[],""input"":{""channels"":""RGB"",""container"":""borrowed-buffer"",""contiguous"":true,""dtype"":""uint8"",""layout"":""HWC"",""ownership"":""caller""},""mode"":""compiled"",""optimizations"":[""input-copy-elision""],""output"":{""channels"":""RGB"",""container"":""owned-buffer"",""contiguous"":true,""dtype"":""uint8"",""layout"":""HWC"",""ownership"":""result""},""output_dtype"":""uint8"",""output_layout"":""HWC"",""passes"":1,""pixel_passes"":1,""python_boundary"":{""crossings_per_call"":1,""gil"":""held-during-augmentation"",""input"":""NumPy HWC RGB uint8"",""input_access"":""read-only-borrow"",""output"":""owned contiguous NumPy array""},""sampling"":""native-plan-before-execution"",""schema_version"":2,""steps"":[{""allocation"":""none"",""category"":""color"",""execution"":""in-place"",""fallback"":""runtime-avx2-or-scalar"",""input_materialization"":""borrowed-input"",""kernel_form"":""borrowed-to-owned"",""name"":""Posterize"",""output_slot"":""working-u8"",""pixel_passes"":1,""policies"":[{""name"":""bits"",""value"":""4""}],""probability"":1.0,""scratch_slots"":[],""selection_reason"":""benchmark-policy:elide-entry-copy"",""status"":""always""}],""transforms"":[""Posterize""],""unit_specializations"":[]}",61881.18811881188,layer1_transform,0.01622,0.01616,0.016055,0.01649,3,1.0210396039603866,512,Posterize,True,compiled
rust,,"{""buffers"":[{""condition"":""always"",""dtype"":""uint8"",""layout"":""HWC"",""lifecycle"":""borrowed-for-call"",""name"":""input""},{""condition"":""always"",""dtype"":""uint8"",""layout"":""HWC"",""lifecycle"":""owned-per-run-workspace-reusable"",""name"":""working-u8""}],""copies"":[{""condition"":""non-contiguous-input"",""count"":""0-or-1"",""reason"":""normalize-to-contiguous-HWC"",""stage"":""python-entry""},{""condition"":""always-elided"",""count"":""0"",""reason"":""establish-owned-working-buffer"",""stage"":""native-entry""},{""condition"":""always"",""count"":""0"",""reason"":""transfer-Rust-Vec-ownership-to-NumPy-storage"",""stage"":""python-output""}],""fallbacks"":[""portable-scalar""],""fusions"":[],""input"":{""channels"":""RGB"",""container"":""borrowed-buffer"",""contiguous"":true,""dtype"":""uint8"",""layout"":""HWC"",""ownership"":""caller""},""mode"":""compiled"",""optimizations"":[""input-copy-elision""],""output"":{""channels"":""RGB"",""container"":""owned-buffer"",""contiguous"":true,""dtype"":""uint8"",""layout"":""HWC"",""ownership"":""result""},""output_dtype"":""uint8"",""output_layout"":""HWC"",""passes"":1,""pixel_passes"":1,""python_boundary"":{""crossings_per_call"":1,""gil"":""held-during-augmentation"",""input"":""NumPy HWC RGB uint8"",""input_access"":""read-only-borrow"",""output"":""owned contiguous NumPy array""},""sampling"":""native-plan-before-execution"",""schema_version"":2,""steps"":[{""allocation"":""workspace-u8"",""category"":""geometry"",""execution"":""out-of-place"",""fallback"":""portable-scalar"",""input_materialization"":""borrowed-input"",""kernel_form"":""borrowed-to-owned"",""name"":""RandomCrop"",""output_slot"":""working-u8"",""pixel_passes"":1,""policies"":[{""name"":""size"",""value"":""768x768""},{""name"":""origin"",""value"":""uniform-inclusive""}],""probability"":1.0,""scratch_slots"":[],""selection_reason"":""benchmark-policy:elide-entry-copy"",""status"":""always""}],""transforms"":[""RandomCrop""],""unit_specializations"":[]}",17678.46409503942,layer1_transform,0.057575,0.056566000000000005,0.0514255,0.07269,3,10.871371495244496,1024,RandomCrop,True,compiled
rust,,"{""buffers"":[{""condition"":""always"",""dtype"":""uint8"",""layout"":""HWC"",""lifecycle"":""borrowed-for-call"",""name"":""input""},{""condition"":""always"",""dtype"":""uint8"",""layout"":""HWC"",""lifecycle"":""owned-per-run-workspace-reusable"",""name"":""working-u8""}],""copies"":[{""condition"":""non-contiguous-input"",""count"":""0-or-1"",""reason"":""normalize-to-contiguous-HWC"",""stage"":""python-entry""},{""condition"":""always-elided"",""count"":""0"",""reason"":""establish-owned-working-buffer"",""stage"":""native-entry""},{""condition"":""always"",""count"":""0"",""reason"":""transfer-Rust-Vec-ownership-to-NumPy-storage"",""stage"":""python-output""}],""fallbacks"":[""portable-scalar""],""fusions"":[],""input"":{""channels"":""RGB"",""container"":""borrowed-buffer"",""contiguous"":true,""dtype"":""uint8"",""layout"":""HWC"",""ownership"":""caller""},""mode"":""compiled"",""optimizations"":[""input-copy-elision""],""output"":{""channels"":""RGB"",""container"":""owned-buffer"",""contiguous"":true,""dtype"":""uint8"",""layout"":""HWC"",""ownership"":""result""},""output_dtype"":""uint8"",""output_layout"":""HWC"",""passes"":1,""pixel_passes"":1,""python_boundary"":{""crossings_per_call"":1,""gil"":""held-during-augmentation"",""input"":""NumPy HWC RGB uint8"",""input_access"":""read-only-borrow"",""output"":""owned contiguous NumPy array""},""sampling"":""native-plan-before-execution"",""schema_version"":2,""steps"":[{""allocation"":""workspace-u8"",""category"":""geometry"",""execution"":""out-of-place"",""fallback"":""portable-scalar"",""input_materialization"":""borrowed-input"",""kernel_form"":""borrowed-to-owned"",""name"":""RandomCrop"",""output_slot"":""working-u8"",""pixel_passes"":1,""policies"":[{""name"":""size"",""value"":""168x168""},{""name"":""origin"",""value"":""uniform-inclusive""}],""probability"":1.0,""scratch_slots"":[],""selection_reason"":""benchmark-policy:elide-entry-copy"",""status"":""always""}],""transforms"":[""RandomCrop""],""unit_specializations"":[]}",537634.4086021505,layer1_transform,0.001915,0.00186,0.00183,0.002,3,4.56989247311828,224,RandomCrop,True,compiled
rust,,"{""buffers"":[{""condition"":""always"",""dtype"":""uint8"",""layout"":""HWC"",""lifecycle"":""borrowed-for-call"",""name"":""input""},{""condition"":""always"",""dtype"":""uint8"",""layout"":""HWC"",""lifecycle"":""owned-per-run-workspace-reusable"",""name"":""working-u8""}],""copies"":[{""condition"":""non-contiguous-input"",""count"":""0-or-1"",""reason"":""normalize-to-contiguous-HWC"",""stage"":""python-entry""},{""condition"":""always-elided"",""count"":""0"",""reason"":""establish-owned-working-buffer"",""stage"":""native-entry""},{""condition"":""always"",""count"":""0"",""reason"":""transfer-Rust-Vec-ownership-to-NumPy-storage"",""stage"":""python-output""}],""fallbacks"":[""portable-scalar""],""fusions"":[],""input"":{""channels"":""RGB"",""container"":""borrowed-buffer"",""contiguous"":true,""dtype"":""uint8"",""layout"":""HWC"",""ownership"":""caller""},""mode"":""compiled"",""optimizations"":[""input-copy-elision""],""output"":{""channels"":""RGB"",""container"":""owned-buffer"",""contiguous"":true,""dtype"":""uint8"",""layout"":""HWC"",""ownership"":""result""},""output_dtype"":""uint8"",""output_layout"":""HWC"",""passes"":1,""pixel_passes"":1,""python_boundary"":{""crossings_per_call"":1,""gil"":""held-during-augmentation"",""input"":""NumPy HWC RGB uint8"",""input_access"":""read-only-borrow"",""output"":""owned contiguous NumPy array""},""sampling"":""native-plan-before-execution"",""schema_version"":2,""steps"":[{""allocation"":""workspace-u8"",""category"":""geometry"",""execution"":""out-of-place"",""fallback"":""portable-scalar"",""input_materialization"":""borrowed-input"",""kernel_form"":""borrowed-to-owned"",""name"":""RandomCrop"",""output_slot"":""working-u8"",""pixel_passes"":1,""policies"":[{""name"":""size"",""value"":""384x384""},{""name"":""origin"",""value"":""uniform-inclusive""}],""probability"":1.0,""scratch_slots"":[],""selection_reason"":""benchmark-policy:elide-entry-copy"",""status"":""always""}],""transforms"":[""RandomCrop""],""unit_specializations"":[]}",103998.75201497583,layer1_transform,0.009815,0.009615499999999999,0.009415,0.01006,3,4.159950080599044,512,RandomCrop,True,compiled
rust,,"{""buffers"":[{""condition"":""always"",""dtype"":""uint8"",""layout"":""HWC"",""lifecycle"":""borrowed-for-call"",""name"":""input""},{""condition"":""always"",""dtype"":""uint8"",""layout"":""HWC"",""lifecycle"":""owned-per-run-workspace-reusable"",""name"":""working-u8""}],""copies"":[{""condition"":""non-contiguous-input"",""count"":""0-or-1"",""reason"":""normalize-to-contiguous-HWC"",""stage"":""python-entry""},{""condition"":""always-elided"",""count"":""0"",""reason"":""establish-owned-working-buffer"",""stage"":""native-entry""},{""condition"":""always"",""count"":""0"",""reason"":""transfer-Rust-Vec-ownership-to-NumPy-storage"",""stage"":""python-output""}],""fallbacks"":[""portable""],""fusions"":[],""input"":{""channels"":""RGB"",""container"":""borrowed-buffer"",""contiguous"":true,""dtype"":""uint8"",""layout"":""HWC"",""ownership"":""caller""},""mode"":""compiled"",""optimizations"":[""input-copy-elision""],""output"":{""channels"":""RGB"",""container"":""owned-buffer"",""contiguous"":true,""dtype"":""uint8"",""layout"":""HWC"",""ownership"":""result""},""output_dtype"":""uint8"",""output_layout"":""HWC"",""passes"":1,""pixel_passes"":1,""python_boundary"":{""crossings_per_call"":1,""gil"":""held-during-augmentation"",""input"":""NumPy HWC RGB uint8"",""input_access"":""read-only-borrow"",""output"":""owned contiguous NumPy array""},""sampling"":""native-plan-before-execution"",""schema_version"":2,""steps"":[{""allocation"":""workspace-u8"",""category"":""geometry"",""execution"":""out-of-place"",""fallback"":""portable"",""input_materialization"":""borrowed-input"",""kernel_form"":""borrowed-to-owned"",""name"":""Resize"",""output_slot"":""working-u8"",""pixel_passes"":1,""policies"":[{""name"":""size"",""value"":""768x768""},{""name"":""interpolation"",""value"":""bilinear""},{""name"":""antialias"",""value"":""false""}],""probability"":1.0,""scratch_slots"":[],""selection_reason"":""benchmark-policy:elide-entry-copy"",""status"":""always""}],""transforms"":[""Resize""],""unit_specializations"":[]}",1561.271718265396,layer1_transform,0.666399,0.6405035,0.6361835,0.682244,3,4.7174605603248,1024,Resize,True,compiled
rust,,"{""buffers"":[{""condition"":""always"",""dtype"":""uint8"",""layout"":""HWC"",""lifecycle"":""borrowed-for-call"",""name"":""input""},{""condition"":""always"",""dtype"":""uint8"",""layout"":""HWC"",""lifecycle"":""owned-per-run-workspace-reusable"",""name"":""working-u8""}],""copies"":[{""condition"":""non-contiguous-input"",""count"":""0-or-1"",""reason"":""normalize-to-contiguous-HWC"",""stage"":""python-entry""},{""condition"":""always-elided"",""count"":""0"",""reason"":""establish-owned-working-buffer"",""stage"":""native-entry""},{""condition"":""always"",""count"":""0"",""reason"":""transfer-Rust-Vec-ownership-to-NumPy-storage"",""stage"":""python-output""}],""fallbacks"":[""portable""],""fusions"":[],""input"":{""channels"":""RGB"",""container"":""borrowed-buffer"",""contiguous"":true,""dtype"":""uint8"",""layout"":""HWC"",""ownership"":""caller""},""mode"":""compiled"",""optimizations"":[""input-copy-elision""],""output"":{""channels"":""RGB"",""container"":""owned-buffer"",""contiguous"":true,""dtype"":""uint8"",""layout"":""HWC"",""ownership"":""result""},""output_dtype"":""uint8"",""output_layout"":""HWC"",""passes"":1,""pixel_passes"":1,""python_boundary"":{""crossings_per_call"":1,""gil"":""held-during-augmentation"",""input"":""NumPy HWC RGB uint8"",""input_access"":""read-only-borrow"",""output"":""owned contiguous NumPy array""},""sampling"":""native-plan-before-execution"",""schema_version"":2,""steps"":[{""allocation"":""workspace-u8"",""category"":""geometry"",""execution"":""out-of-place"",""fallback"":""portable"",""input_materialization"":""borrowed-input"",""kernel_form"":""borrowed-to-owned"",""name"":""Resize"",""output_slot"":""working-u8"",""pixel_passes"":1,""policies"":[{""name"":""size"",""value"":""168x168""},{""name"":""interpolation"",""value"":""bilinear""},{""name"":""antialias"",""value"":""false""}],""probability"":1.0,""scratch_slots"":[],""selection_reason"":""benchmark-policy:elide-entry-copy"",""status"":""always""}],""transforms"":[""Resize""],""unit_specializations"":[]}",29269.72047416947,layer1_transform,0.03419,0.034165,0.03405,0.03766,3,0.4097760866383762,224,Resize,True,compiled
rust,,"{""buffers"":[{""condition"":""always"",""dtype"":""uint8"",""layout"":""HWC"",""lifecycle"":""borrowed-for-call"",""name"":""input""},{""condition"":""always"",""dtype"":""uint8"",""layout"":""HWC"",""lifecycle"":""owned-per-run-workspace-reusable"",""name"":""working-u8""}],""copies"":[{""condition"":""non-contiguous-input"",""count"":""0-or-1"",""reason"":""normalize-to-contiguous-HWC"",""stage"":""python-entry""},{""condition"":""always-elided"",""count"":""0"",""reason"":""establish-owned-working-buffer"",""stage"":""native-entry""},{""condition"":""always"",""count"":""0"",""reason"":""transfer-Rust-Vec-ownership-to-NumPy-storage"",""stage"":""python-output""}],""fallbacks"":[""portable""],""fusions"":[],""input"":{""channels"":""RGB"",""container"":""borrowed-buffer"",""contiguous"":true,""dtype"":""uint8"",""layout"":""HWC"",""ownership"":""caller""},""mode"":""compiled"",""optimizations"":[""input-copy-elision""],""output"":{""channels"":""RGB"",""container"":""owned-buffer"",""contiguous"":true,""dtype"":""uint8"",""layout"":""HWC"",""ownership"":""result""},""output_dtype"":""uint8"",""output_layout"":""HWC"",""passes"":1,""pixel_passes"":1,""python_boundary"":{""crossings_per_call"":1,""gil"":""held-during-augmentation"",""input"":""NumPy HWC RGB uint8"",""input_access"":""read-only-borrow"",""output"":""owned contiguous NumPy array""},""sampling"":""native-plan-before-execution"",""schema_version"":2,""steps"":[{""allocation"":""workspace-u8"",""category"":""geometry"",""execution"":""out-of-place"",""fallback"":""portable"",""input_materialization"":""borrowed-input"",""kernel_form"":""borrowed-to-owned"",""name"":""Resize"",""output_slot"":""working-u8"",""pixel_passes"":1,""policies"":[{""name"":""size"",""value"":""384x384""},{""name"":""interpolation"",""value"":""bilinear""},{""name"":""antialias"",""value"":""false""}],""probability"":1.0,""scratch_slots"":[],""selection_reason"":""benchmark-policy:elide-entry-copy"",""status"":""always""}],""transforms"":[""Resize""],""unit_specializations"":[]}",6852.084061367265,layer1_transform,0.149141,0.145941,0.145061,0.183011,3,2.7956502970378447,512,Resize,True,compiled
rust,,"{""buffers"":[{""condition"":""always"",""dtype"":""uint8"",""layout"":""HWC"",""lifecycle"":""borrowed-for-call"",""name"":""input""},{""condition"":""always"",""dtype"":""uint8"",""layout"":""HWC"",""lifecycle"":""owned-per-run-workspace-reusable"",""name"":""working-u8""}],""copies"":[{""condition"":""non-contiguous-input"",""count"":""0-or-1"",""reason"":""normalize-to-contiguous-HWC"",""stage"":""python-entry""},{""condition"":""always-elided"",""count"":""0"",""reason"":""establish-owned-working-buffer"",""stage"":""native-entry""},{""condition"":""always"",""count"":""0"",""reason"":""transfer-Rust-Vec-ownership-to-NumPy-storage"",""stage"":""python-output""}],""fallbacks"":[""runtime-avx2-or-scalar""],""fusions"":[],""input"":{""channels"":""RGB"",""container"":""borrowed-buffer"",""contiguous"":true,""dtype"":""uint8"",""layout"":""HWC"",""ownership"":""caller""},""mode"":""compiled"",""optimizations"":[""input-copy-elision""],""output"":{""channels"":""RGB"",""container"":""owned-buffer"",""contiguous"":true,""dtype"":""uint8"",""layout"":""HWC"",""ownership"":""result""},""output_dtype"":""uint8"",""output_layout"":""HWC"",""passes"":1,""pixel_passes"":1,""python_boundary"":{""crossings_per_call"":1,""gil"":""held-during-augmentation"",""input"":""NumPy HWC RGB uint8"",""input_access"":""read-only-borrow"",""output"":""owned contiguous NumPy array""},""sampling"":""native-plan-before-execution"",""schema_version"":2,""steps"":[{""allocation"":""none"",""category"":""color"",""execution"":""in-place"",""fallback"":""runtime-avx2-or-scalar"",""input_materialization"":""borrowed-input"",""kernel_form"":""borrowed-to-owned"",""name"":""Solarize"",""output_slot"":""working-u8"",""pixel_passes"":1,""policies"":[{""name"":""threshold"",""value"":""128""},{""name"":""comparison"",""value"":""at-or-above""}],""probability"":1.0,""scratch_slots"":[],""selection_reason"":""benchmark-policy:elide-entry-copy"",""status"":""always""}],""transforms"":[""Solarize""],""unit_specializations"":[]}",11571.998079048319,layer1_transform,0.0871855,0.0864155,0.07442499999999999,0.092571,3,14.766448148769614,1024,Solarize,True,compiled
rust,,"{""buffers"":[{""condition"":""always"",""dtype"":""uint8"",""layout"":""HWC"",""lifecycle"":""borrowed-for-call"",""name"":""input""},{""condition"":""always"",""dtype"":""uint8"",""layout"":""HWC"",""lifecycle"":""owned-per-run-workspace-reusable"",""name"":""working-u8""}],""copies"":[{""condition"":""non-contiguous-input"",""count"":""0-or-1"",""reason"":""normalize-to-contiguous-HWC"",""stage"":""python-entry""},{""condition"":""always-elided"",""count"":""0"",""reason"":""establish-owned-working-buffer"",""stage"":""native-entry""},{""condition"":""always"",""count"":""0"",""reason"":""transfer-Rust-Vec-ownership-to-NumPy-storage"",""stage"":""python-output""}],""fallbacks"":[""runtime-avx2-or-scalar""],""fusions"":[],""input"":{""channels"":""RGB"",""container"":""borrowed-buffer"",""contiguous"":true,""dtype"":""uint8"",""layout"":""HWC"",""ownership"":""caller""},""mode"":""compiled"",""optimizations"":[""input-copy-elision""],""output"":{""channels"":""RGB"",""container"":""owned-buffer"",""contiguous"":true,""dtype"":""uint8"",""layout"":""HWC"",""ownership"":""result""},""output_dtype"":""uint8"",""output_layout"":""HWC"",""passes"":1,""pixel_passes"":1,""python_boundary"":{""crossings_per_call"":1,""gil"":""held-during-augmentation"",""input"":""NumPy HWC RGB uint8"",""input_access"":""read-only-borrow"",""output"":""owned contiguous NumPy array""},""sampling"":""native-plan-before-execution"",""schema_version"":2,""steps"":[{""allocation"":""none"",""category"":""color"",""execution"":""in-place"",""fallback"":""runtime-avx2-or-scalar"",""input_materialization"":""borrowed-input"",""kernel_form"":""borrowed-to-owned"",""name"":""Solarize"",""output_slot"":""working-u8"",""pixel_passes"":1,""policies"":[{""name"":""threshold"",""value"":""128""},{""name"":""comparison"",""value"":""at-or-above""}],""probability"":1.0,""scratch_slots"":[],""selection_reason"":""benchmark-policy:elide-entry-copy"",""status"":""always""}],""transforms"":[""Solarize""],""unit_specializations"":[]}",359066.42728904844,layer1_transform,0.0028,0.002785,0.00278,0.0029,3,0.7181328545780988,224,Solarize,True,compiled
rust,,"{""buffers"":[{""condition"":""always"",""dtype"":""uint8"",""layout"":""HWC"",""lifecycle"":""borrowed-for-call"",""name"":""input""},{""condition"":""always"",""dtype"":""uint8"",""layout"":""HWC"",""lifecycle"":""owned-per-run-workspace-reusable"",""name"":""working-u8""}],""copies"":[{""condition"":""non-contiguous-input"",""count"":""0-or-1"",""reason"":""normalize-to-contiguous-HWC"",""stage"":""python-entry""},{""condition"":""always-elided"",""count"":""0"",""reason"":""establish-owned-working-buffer"",""stage"":""native-entry""},{""condition"":""always"",""count"":""0"",""reason"":""transfer-Rust-Vec-ownership-to-NumPy-storage"",""stage"":""python-output""}],""fallbacks"":[""runtime-avx2-or-scalar""],""fusions"":[],""input"":{""channels"":""RGB"",""container"":""borrowed-buffer"",""contiguous"":true,""dtype"":""uint8"",""layout"":""HWC"",""ownership"":""caller""},""mode"":""compiled"",""optimizations"":[""input-copy-elision""],""output"":{""channels"":""RGB"",""container"":""owned-buffer"",""contiguous"":true,""dtype"":""uint8"",""layout"":""HWC"",""ownership"":""result""},""output_dtype"":""uint8"",""output_layout"":""HWC"",""passes"":1,""pixel_passes"":1,""python_boundary"":{""crossings_per_call"":1,""gil"":""held-during-augmentation"",""input"":""NumPy HWC RGB uint8"",""input_access"":""read-only-borrow"",""output"":""owned contiguous NumPy array""},""sampling"":""native-plan-before-execution"",""schema_version"":2,""steps"":[{""allocation"":""none"",""category"":""color"",""execution"":""in-place"",""fallback"":""runtime-avx2-or-scalar"",""input_materialization"":""borrowed-input"",""kernel_form"":""borrowed-to-owned"",""name"":""Solarize"",""output_slot"":""working-u8"",""pixel_passes"":1,""policies"":[{""name"":""threshold"",""value"":""128""},{""name"":""comparison"",""value"":""at-or-above""}],""probability"":1.0,""scratch_slots"":[],""selection_reason"":""benchmark-policy:elide-entry-copy"",""status"":""always""}],""transforms"":[""Solarize""],""unit_specializations"":[]}",62013.58097423335,layer1_transform,0.01619,0.0161255,0.015935,0.01665,3,1.5813463148429396,512,Solarize,True,compiled
rust,,"{""buffers"":[{""condition"":""always"",""dtype"":""uint8"",""layout"":""HWC"",""lifecycle"":""borrowed-for-call"",""name"":""input""},{""condition"":""always"",""dtype"":""uint8"",""layout"":""HWC"",""lifecycle"":""owned-per-run-workspace-reusable"",""name"":""working-u8""}],""copies"":[{""condition"":""non-contiguous-input"",""count"":""0-or-1"",""reason"":""normalize-to-contiguous-HWC"",""stage"":""python-entry""},{""condition"":""always-elided"",""count"":""0"",""reason"":""establish-owned-working-buffer"",""stage"":""native-entry""},{""condition"":""always"",""count"":""0"",""reason"":""transfer-Rust-Vec-ownership-to-NumPy-storage"",""stage"":""python-output""}],""fallbacks"":[""portable-scalar""],""fusions"":[],""input"":{""channels"":""RGB"",""container"":""borrowed-buffer"",""contiguous"":true,""dtype"":""uint8"",""layout"":""HWC"",""ownership"":""caller""},""mode"":""compiled"",""optimizations"":[""input-copy-elision""],""output"":{""channels"":""RGB"",""container"":""owned-buffer"",""contiguous"":true,""dtype"":""uint8"",""layout"":""HWC"",""ownership"":""result""},""output_dtype"":""uint8"",""output_layout"":""HWC"",""passes"":1,""pixel_passes"":1,""python_boundary"":{""crossings_per_call"":1,""gil"":""held-during-augmentation"",""input"":""NumPy HWC RGB uint8"",""input_access"":""read-only-borrow"",""output"":""owned contiguous NumPy array""},""sampling"":""native-plan-before-execution"",""schema_version"":2,""steps"":[{""allocation"":""none"",""category"":""geometry"",""execution"":""in-place"",""fallback"":""portable-scalar"",""input_materialization"":""borrowed-input"",""kernel_form"":""borrowed-to-owned"",""name"":""VerticalFlip"",""output_slot"":""working-u8"",""pixel_passes"":1,""policies"":[],""probability"":1.0,""scratch_slots"":[],""selection_reason"":""benchmark-policy:elide-entry-copy"",""status"":""always""}],""transforms"":[""VerticalFlip""],""unit_specializations"":[]}",8928.930180230456,layer1_transform,0.12457499999999999,0.1119955,0.099871,0.149851,3,22.05802911724131,1024,VerticalFlip,True,compiled
rust,,"{""buffers"":[{""condition"":""always"",""dtype"":""uint8"",""layout"":""HWC"",""lifecycle"":""borrowed-for-call"",""name"":""input""},{""condition"":""always"",""dtype"":""uint8"",""layout"":""HWC"",""lifecycle"":""owned-per-run-workspace-reusable"",""name"":""working-u8""}],""copies"":[{""condition"":""non-contiguous-input"",""count"":""0-or-1"",""reason"":""normalize-to-contiguous-HWC"",""stage"":""python-entry""},{""condition"":""always-elided"",""count"":""0"",""reason"":""establish-owned-working-buffer"",""stage"":""native-entry""},{""condition"":""always"",""count"":""0"",""reason"":""transfer-Rust-Vec-ownership-to-NumPy-storage"",""stage"":""python-output""}],""fallbacks"":[""portable-scalar""],""fusions"":[],""input"":{""channels"":""RGB"",""container"":""borrowed-buffer"",""contiguous"":true,""dtype"":""uint8"",""layout"":""HWC"",""ownership"":""caller""},""mode"":""compiled"",""optimizations"":[""input-copy-elision""],""output"":{""channels"":""RGB"",""container"":""owned-buffer"",""contiguous"":true,""dtype"":""uint8"",""layout"":""HWC"",""ownership"":""result""},""output_dtype"":""uint8"",""output_layout"":""HWC"",""passes"":1,""pixel_passes"":1,""python_boundary"":{""crossings_per_call"":1,""gil"":""held-during-augmentation"",""input"":""NumPy HWC RGB uint8"",""input_access"":""read-only-borrow"",""output"":""owned contiguous NumPy array""},""sampling"":""native-plan-before-execution"",""schema_version"":2,""steps"":[{""allocation"":""none"",""category"":""geometry"",""execution"":""in-place"",""fallback"":""portable-scalar"",""input_materialization"":""borrowed-input"",""kernel_form"":""borrowed-to-owned"",""name"":""VerticalFlip"",""output_slot"":""working-u8"",""pixel_passes"":1,""policies"":[],""probability"":1.0,""scratch_slots"":[],""selection_reason"":""benchmark-policy:elide-entry-copy"",""status"":""always""}],""transforms"":[""VerticalFlip""],""unit_specializations"":[]}",375939.84962406015,layer1_transform,0.0027,0.00266,0.0026049999999999997,0.00279,3,3.5714285714285885,224,VerticalFlip,True,compiled
rust,,"{""buffers"":[{""condition"":""always"",""dtype"":""uint8"",""layout"":""HWC"",""lifecycle"":""borrowed-for-call"",""name"":""input""},{""condition"":""always"",""dtype"":""uint8"",""layout"":""HWC"",""lifecycle"":""owned-per-run-workspace-reusable"",""name"":""working-u8""}],""copies"":[{""condition"":""non-contiguous-input"",""count"":""0-or-1"",""reason"":""normalize-to-contiguous-HWC"",""stage"":""python-entry""},{""condition"":""always-elided"",""count"":""0"",""reason"":""establish-owned-working-buffer"",""stage"":""native-entry""},{""condition"":""always"",""count"":""0"",""reason"":""transfer-Rust-Vec-ownership-to-NumPy-storage"",""stage"":""python-output""}],""fallbacks"":[""portable-scalar""],""fusions"":[],""input"":{""channels"":""RGB"",""container"":""borrowed-buffer"",""contiguous"":true,""dtype"":""uint8"",""layout"":""HWC"",""ownership"":""caller""},""mode"":""compiled"",""optimizations"":[""input-copy-elision""],""output"":{""channels"":""RGB"",""container"":""owned-buffer"",""contiguous"":true,""dtype"":""uint8"",""layout"":""HWC"",""ownership"":""result""},""output_dtype"":""uint8"",""output_layout"":""HWC"",""passes"":1,""pixel_passes"":1,""python_boundary"":{""crossings_per_call"":1,""gil"":""held-during-augmentation"",""input"":""NumPy HWC RGB uint8"",""input_access"":""read-only-borrow"",""output"":""owned contiguous NumPy array""},""sampling"":""native-plan-before-execution"",""schema_version"":2,""steps"":[{""allocation"":""none"",""category"":""geometry"",""execution"":""in-place"",""fallback"":""portable-scalar"",""input_materialization"":""borrowed-input"",""kernel_form"":""borrowed-to-owned"",""name"":""VerticalFlip"",""output_slot"":""working-u8"",""pixel_passes"":1,""policies"":[],""probability"":1.0,""scratch_slots"":[],""selection_reason"":""benchmark-policy:elide-entry-copy"",""status"":""always""}],""transforms"":[""VerticalFlip""],""unit_specializations"":[]}",59898.17310572027,layer1_transform,0.01685,0.016695,0.016294999999999997,0.01696,3,3.324348607367495,512,VerticalFlip,True,compiled
rust,,"{""buffers"":[{""condition"":""always"",""dtype"":""uint8"",""layout"":""HWC"",""lifecycle"":""borrowed-for-call"",""name"":""input""},{""condition"":""always"",""dtype"":""uint8"",""layout"":""HWC"",""lifecycle"":""owned-per-run-workspace-reusable"",""name"":""working-u8""},{""condition"":""out-of-place-step-applied"",""dtype"":""uint8"",""layout"":""HWC"",""lifecycle"":""owned-per-run-workspace-reusable"",""name"":""scratch-u8""}],""copies"":[{""condition"":""non-contiguous-input"",""count"":""0-or-1"",""reason"":""normalize-to-contiguous-HWC"",""stage"":""python-entry""},{""condition"":""always"",""count"":""1"",""reason"":""establish-owned-working-buffer"",""stage"":""native-entry""},{""condition"":""always"",""count"":""0"",""reason"":""transfer-Rust-Vec-ownership-to-NumPy-storage"",""stage"":""python-output""}],""fallbacks"":[""runtime-avx2-or-scalar""],""fusions"":[],""input"":{""channels"":""RGB"",""container"":""borrowed-buffer"",""contiguous"":true,""dtype"":""uint8"",""layout"":""HWC"",""ownership"":""caller""},""mode"":""staged-fresh"",""optimizations"":[],""output"":{""channels"":""RGB"",""container"":""owned-buffer"",""contiguous"":true,""dtype"":""uint8"",""layout"":""HWC"",""ownership"":""result""},""output_dtype"":""uint8"",""output_layout"":""HWC"",""passes"":1,""pixel_passes"":1,""python_boundary"":{""crossings_per_call"":1,""gil"":""held-during-augmentation"",""input"":""NumPy HWC RGB uint8"",""input_access"":""read-only-borrow"",""output"":""owned contiguous NumPy array""},""sampling"":""native-plan-before-execution"",""schema_version"":2,""steps"":[{""allocation"":""workspace-u8"",""category"":""geometry"",""execution"":""out-of-place"",""fallback"":""runtime-avx2-or-scalar"",""input_materialization"":""owned-input-copy"",""kernel_form"":""owned-to-owned"",""name"":""Affine"",""output_slot"":""scratch-u8"",""pixel_passes"":1,""policies"":[{""name"":""degrees"",""value"":""[-10,10]""},{""name"":""translate-fraction"",""value"":""[-0,0]x[-0,0]""},{""name"":""scale"",""value"":""[1,1]""},{""name"":""shear-degrees"",""value"":""[0,0]x[0,0]""},{""name"":""interpolation"",""value"":""bilinear""},{""name"":""border"",""value"":""constant""},{""name"":""fill"",""value"":""[0,0,0]""}],""probability"":1.0,""scratch_slots"":[],""selection_reason"":""benchmark-policy:affine-copy-then-transform"",""status"":""always""}],""transforms"":[""Affine""],""unit_specializations"":[]}",306.13150797319514,layer1_transform,3.2721894999999996,3.2665699999999998,3.2503795,4.102235,3,0.6676728188895216,1024,Affine,True,staged-fresh
rust,,"{""buffers"":[{""condition"":""always"",""dtype"":""uint8"",""layout"":""HWC"",""lifecycle"":""borrowed-for-call"",""name"":""input""},{""condition"":""always"",""dtype"":""uint8"",""layout"":""HWC"",""lifecycle"":""owned-per-run-workspace-reusable"",""name"":""working-u8""},{""condition"":""out-of-place-step-applied"",""dtype"":""uint8"",""layout"":""HWC"",""lifecycle"":""owned-per-run-workspace-reusable"",""name"":""scratch-u8""}],""copies"":[{""condition"":""non-contiguous-input"",""count"":""0-or-1"",""reason"":""normalize-to-contiguous-HWC"",""stage"":""python-entry""},{""condition"":""always"",""count"":""1"",""reason"":""establish-owned-working-buffer"",""stage"":""native-entry""},{""condition"":""always"",""count"":""0"",""reason"":""transfer-Rust-Vec-ownership-to-NumPy-storage"",""stage"":""python-output""}],""fallbacks"":[""runtime-avx2-or-scalar""],""fusions"":[],""input"":{""channels"":""RGB"",""container"":""borrowed-buffer"",""contiguous"":true,""dtype"":""uint8"",""layout"":""HWC"",""ownership"":""caller""},""mode"":""staged-fresh"",""optimizations"":[],""output"":{""channels"":""RGB"",""container"":""owned-buffer"",""contiguous"":true,""dtype"":""uint8"",""layout"":""HWC"",""ownership"":""result""},""output_dtype"":""uint8"",""output_layout"":""HWC"",""passes"":1,""pixel_passes"":1,""python_boundary"":{""crossings_per_call"":1,""gil"":""held-during-augmentation"",""input"":""NumPy HWC RGB uint8"",""input_access"":""read-only-borrow"",""output"":""owned contiguous NumPy array""},""sampling"":""native-plan-before-execution"",""schema_version"":2,""steps"":[{""allocation"":""workspace-u8"",""category"":""geometry"",""execution"":""out-of-place"",""fallback"":""runtime-avx2-or-scalar"",""input_materialization"":""owned-input-copy"",""kernel_form"":""owned-to-owned"",""name"":""Affine"",""output_slot"":""scratch-u8"",""pixel_passes"":1,""policies"":[{""name"":""degrees"",""value"":""[-10,10]""},{""name"":""translate-fraction"",""value"":""[-0,0]x[-0,0]""},{""name"":""scale"",""value"":""[1,1]""},{""name"":""shear-degrees"",""value"":""[0,0]x[0,0]""},{""name"":""interpolation"",""value"":""bilinear""},{""name"":""border"",""value"":""constant""},{""name"":""fill"",""value"":""[0,0,0]""}],""probability"":1.0,""scratch_slots"":[],""selection_reason"":""benchmark-policy:affine-copy-then-transform"",""status"":""always""}],""transforms"":[""Affine""],""unit_specializations"":[]}",6015.001413525333,layer1_transform,0.167236,0.16625099999999998,0.164561,0.199261,3,1.6090128781180164,224,Affine,True,staged-fresh
rust,,"{""buffers"":[{""condition"":""always"",""dtype"":""uint8"",""layout"":""HWC"",""lifecycle"":""borrowed-for-call"",""name"":""input""},{""condition"":""always"",""dtype"":""uint8"",""layout"":""HWC"",""lifecycle"":""owned-per-run-workspace-reusable"",""name"":""working-u8""},{""condition"":""out-of-place-step-applied"",""dtype"":""uint8"",""layout"":""HWC"",""lifecycle"":""owned-per-run-workspace-reusable"",""name"":""scratch-u8""}],""copies"":[{""condition"":""non-contiguous-input"",""count"":""0-or-1"",""reason"":""normalize-to-contiguous-HWC"",""stage"":""python-entry""},{""condition"":""always"",""count"":""1"",""reason"":""establish-owned-working-buffer"",""stage"":""native-entry""},{""condition"":""always"",""count"":""0"",""reason"":""transfer-Rust-Vec-ownership-to-NumPy-storage"",""stage"":""python-output""}],""fallbacks"":[""runtime-avx2-or-scalar""],""fusions"":[],""input"":{""channels"":""RGB"",""container"":""borrowed-buffer"",""contiguous"":true,""dtype"":""uint8"",""layout"":""HWC"",""ownership"":""caller""},""mode"":""staged-fresh"",""optimizations"":[],""output"":{""channels"":""RGB"",""container"":""owned-buffer"",""contiguous"":true,""dtype"":""uint8"",""layout"":""HWC"",""ownership"":""result""},""output_dtype"":""uint8"",""output_layout"":""HWC"",""passes"":1,""pixel_passes"":1,""python_boundary"":{""crossings_per_call"":1,""gil"":""held-during-augmentation"",""input"":""NumPy HWC RGB uint8"",""input_access"":""read-only-borrow"",""output"":""owned contiguous NumPy array""},""sampling"":""native-plan-before-execution"",""schema_version"":2,""steps"":[{""allocation"":""workspace-u8"",""category"":""geometry"",""execution"":""out-of-place"",""fallback"":""runtime-avx2-or-scalar"",""input_materialization"":""owned-input-copy"",""kernel_form"":""owned-to-owned"",""name"":""Affine"",""output_slot"":""scratch-u8"",""pixel_passes"":1,""policies"":[{""name"":""degrees"",""value"":""[-10,10]""},{""name"":""translate-fraction"",""value"":""[-0,0]x[-0,0]""},{""name"":""scale"",""value"":""[1,1]""},{""name"":""shear-degrees"",""value"":""[0,0]x[0,0]""},{""name"":""interpolation"",""value"":""bilinear""},{""name"":""border"",""value"":""constant""},{""name"":""fill"",""value"":""[0,0,0]""}],""probability"":1.0,""scratch_slots"":[],""selection_reason"":""benchmark-policy:affine-copy-then-transform"",""status"":""always""}],""transforms"":[""Affine""],""unit_specializations"":[]}",1209.4750273643724,layer1_transform,0.83775,0.826805,0.817945,1.005856,3,2.395365291695135,512,Affine,True,staged-fresh
rust,,"{""buffers"":[{""condition"":""always"",""dtype"":""uint8"",""layout"":""HWC"",""lifecycle"":""borrowed-for-call"",""name"":""input""},{""condition"":""always"",""dtype"":""uint8"",""layout"":""HWC"",""lifecycle"":""owned-per-run-workspace-reusable"",""name"":""working-u8""},{""condition"":""out-of-place-step-applied"",""dtype"":""uint8"",""layout"":""HWC"",""lifecycle"":""owned-per-run-workspace-reusable"",""name"":""scratch-u8""}],""copies"":[{""condition"":""non-contiguous-input"",""count"":""0-or-1"",""reason"":""normalize-to-contiguous-HWC"",""stage"":""python-entry""},{""condition"":""always"",""count"":""1"",""reason"":""establish-owned-working-buffer"",""stage"":""native-entry""},{""condition"":""always"",""count"":""0"",""reason"":""transfer-Rust-Vec-ownership-to-NumPy-storage"",""stage"":""python-output""}],""fallbacks"":[""portable-scalar""],""fusions"":[],""input"":{""channels"":""RGB"",""container"":""borrowed-buffer"",""contiguous"":true,""dtype"":""uint8"",""layout"":""HWC"",""ownership"":""caller""},""mode"":""staged-fresh"",""optimizations"":[],""output"":{""channels"":""RGB"",""container"":""owned-buffer"",""contiguous"":true,""dtype"":""uint8"",""layout"":""HWC"",""ownership"":""result""},""output_dtype"":""uint8"",""output_layout"":""HWC"",""passes"":1,""pixel_passes"":1,""python_boundary"":{""crossings_per_call"":1,""gil"":""held-during-augmentation"",""input"":""NumPy HWC RGB uint8"",""input_access"":""read-only-borrow"",""output"":""owned contiguous NumPy array""},""sampling"":""native-plan-before-execution"",""schema_version"":2,""steps"":[{""allocation"":""workspace-u8"",""category"":""geometry"",""execution"":""out-of-place"",""fallback"":""portable-scalar"",""input_materialization"":""owned-input-copy"",""kernel_form"":""owned-to-owned"",""name"":""CenterCrop"",""output_slot"":""scratch-u8"",""pixel_passes"":1,""policies"":[{""name"":""size"",""value"":""768x768""},{""name"":""odd-remainder"",""value"":""bottom-right""}],""probability"":1.0,""scratch_slots"":[],""selection_reason"":""semantic-legality:owned-to-owned"",""status"":""always""}],""transforms"":[""CenterCrop""],""unit_specializations"":[]}",10546.798782899421,layer1_transform,0.096891,0.0948155,0.0843955,0.10907,3,13.17875241917198,1024,CenterCrop,True,staged-fresh
rust,,"{""buffers"":[{""condition"":""always"",""dtype"":""uint8"",""layout"":""HWC"",""lifecycle"":""borrowed-for-call"",""name"":""input""},{""condition"":""always"",""dtype"":""uint8"",""layout"":""HWC"",""lifecycle"":""owned-per-run-workspace-reusable"",""name"":""working-u8""},{""condition"":""out-of-place-step-applied"",""dtype"":""uint8"",""layout"":""HWC"",""lifecycle"":""owned-per-run-workspace-reusable"",""name"":""scratch-u8""}],""copies"":[{""condition"":""non-contiguous-input"",""count"":""0-or-1"",""reason"":""normalize-to-contiguous-HWC"",""stage"":""python-entry""},{""condition"":""always"",""count"":""1"",""reason"":""establish-owned-working-buffer"",""stage"":""native-entry""},{""condition"":""always"",""count"":""0"",""reason"":""transfer-Rust-Vec-ownership-to-NumPy-storage"",""stage"":""python-output""}],""fallbacks"":[""portable-scalar""],""fusions"":[],""input"":{""channels"":""RGB"",""container"":""borrowed-buffer"",""contiguous"":true,""dtype"":""uint8"",""layout"":""HWC"",""ownership"":""caller""},""mode"":""staged-fresh"",""optimizations"":[],""output"":{""channels"":""RGB"",""container"":""owned-buffer"",""contiguous"":true,""dtype"":""uint8"",""layout"":""HWC"",""ownership"":""result""},""output_dtype"":""uint8"",""output_layout"":""HWC"",""passes"":1,""pixel_passes"":1,""python_boundary"":{""crossings_per_call"":1,""gil"":""held-during-augmentation"",""input"":""NumPy HWC RGB uint8"",""input_access"":""read-only-borrow"",""output"":""owned contiguous NumPy array""},""sampling"":""native-plan-before-execution"",""schema_version"":2,""steps"":[{""allocation"":""workspace-u8"",""category"":""geometry"",""execution"":""out-of-place"",""fallback"":""portable-scalar"",""input_materialization"":""owned-input-copy"",""kernel_form"":""owned-to-owned"",""name"":""CenterCrop"",""output_slot"":""scratch-u8"",""pixel_passes"":1,""policies"":[{""name"":""size"",""value"":""168x168""},{""name"":""odd-remainder"",""value"":""bottom-right""}],""probability"":1.0,""scratch_slots"":[],""selection_reason"":""semantic-legality:owned-to-owned"",""status"":""always""}],""transforms"":[""CenterCrop""],""unit_specializations"":[]}",291970.802919708,layer1_transform,0.0034549999999999997,0.003425,0.00337,0.00366,3,2.481751824817506,224,CenterCrop,True,staged-fresh
rust,,"{""buffers"":[{""condition"":""always"",""dtype"":""uint8"",""layout"":""HWC"",""lifecycle"":""borrowed-for-call"",""name"":""input""},{""condition"":""always"",""dtype"":""uint8"",""layout"":""HWC"",""lifecycle"":""owned-per-run-workspace-reusable"",""name"":""working-u8""},{""condition"":""out-of-place-step-applied"",""dtype"":""uint8"",""layout"":""HWC"",""lifecycle"":""owned-per-run-workspace-reusable"",""name"":""scratch-u8""}],""copies"":[{""condition"":""non-contiguous-input"",""count"":""0-or-1"",""reason"":""normalize-to-contiguous-HWC"",""stage"":""python-entry""},{""condition"":""always"",""count"":""1"",""reason"":""establish-owned-working-buffer"",""stage"":""native-entry""},{""condition"":""always"",""count"":""0"",""reason"":""transfer-Rust-Vec-ownership-to-NumPy-storage"",""stage"":""python-output""}],""fallbacks"":[""portable-scalar""],""fusions"":[],""input"":{""channels"":""RGB"",""container"":""borrowed-buffer"",""contiguous"":true,""dtype"":""uint8"",""layout"":""HWC"",""ownership"":""caller""},""mode"":""staged-fresh"",""optimizations"":[],""output"":{""channels"":""RGB"",""container"":""owned-buffer"",""contiguous"":true,""dtype"":""uint8"",""layout"":""HWC"",""ownership"":""result""},""output_dtype"":""uint8"",""output_layout"":""HWC"",""passes"":1,""pixel_passes"":1,""python_boundary"":{""crossings_per_call"":1,""gil"":""held-during-augmentation"",""input"":""NumPy HWC RGB uint8"",""input_access"":""read-only-borrow"",""output"":""owned contiguous NumPy array""},""sampling"":""native-plan-before-execution"",""schema_version"":2,""steps"":[{""allocation"":""workspace-u8"",""category"":""geometry"",""execution"":""out-of-place"",""fallback"":""portable-scalar"",""input_materialization"":""owned-input-copy"",""kernel_form"":""owned-to-owned"",""name"":""CenterCrop"",""output_slot"":""scratch-u8"",""pixel_passes"":1,""policies"":[{""name"":""size"",""value"":""384x384""},{""name"":""odd-remainder"",""value"":""bottom-right""}],""probability"":1.0,""scratch_slots"":[],""selection_reason"":""semantic-legality:owned-to-owned"",""status"":""always""}],""transforms"":[""CenterCrop""],""unit_specializations"":[]}",52383.44683080147,layer1_transform,0.019165,0.01909,0.019014999999999997,0.02151,3,0.7857517024620446,512,CenterCrop,True,staged-fresh
rust,,"{""buffers"":[{""condition"":""always"",""dtype"":""uint8"",""layout"":""HWC"",""lifecycle"":""borrowed-for-call"",""name"":""input""},{""condition"":""always"",""dtype"":""uint8"",""layout"":""HWC"",""lifecycle"":""owned-per-run-workspace-reusable"",""name"":""working-u8""}],""copies"":[{""condition"":""non-contiguous-input"",""count"":""0-or-1"",""reason"":""normalize-to-contiguous-HWC"",""stage"":""python-entry""},{""condition"":""always"",""count"":""1"",""reason"":""establish-owned-working-buffer"",""stage"":""native-entry""},{""condition"":""always"",""count"":""0"",""reason"":""transfer-Rust-Vec-ownership-to-NumPy-storage"",""stage"":""python-output""}],""fallbacks"":[""runtime-avx2-or-numeric-safety-scalar""],""fusions"":[],""input"":{""channels"":""RGB"",""container"":""borrowed-buffer"",""contiguous"":true,""dtype"":""uint8"",""layout"":""HWC"",""ownership"":""caller""},""mode"":""staged-fresh"",""optimizations"":[],""output"":{""channels"":""RGB"",""container"":""owned-buffer"",""contiguous"":true,""dtype"":""uint8"",""layout"":""HWC"",""ownership"":""result""},""output_dtype"":""uint8"",""output_layout"":""HWC"",""passes"":1,""pixel_passes"":4,""python_boundary"":{""crossings_per_call"":1,""gil"":""held-during-augmentation"",""input"":""NumPy HWC RGB uint8"",""input_access"":""read-only-borrow"",""output"":""owned contiguous NumPy array""},""sampling"":""native-plan-before-execution"",""schema_version"":2,""steps"":[{""allocation"":""none"",""category"":""color"",""execution"":""in-place"",""fallback"":""runtime-avx2-or-numeric-safety-scalar"",""input_materialization"":""owned-input-copy"",""kernel_form"":""owned-in-place"",""name"":""ColorJitter"",""output_slot"":""working-u8"",""pixel_passes"":4,""policies"":[{""name"":""brightness"",""value"":""[0.8,1.2]""},{""name"":""contrast"",""value"":""[0.8,1.2]""},{""name"":""saturation"",""value"":""[0.8,1.2]""},{""name"":""hue"",""value"":""[0,0]""},{""name"":""order"",""value"":""uniform-random-permutation""}],""probability"":1.0,""scratch_slots"":[],""selection_reason"":""benchmark-policy:composed-color-matrix"",""status"":""always""}],""transforms"":[""ColorJitter""],""unit_specializations"":[]}",426.9957836301345,layer1_transform,2.3454585000000003,2.3419435,2.334264,2.362105,3,0.4780004299847634,1024,ColorJitter,True,staged-fresh
rust,,"{""buffers"":[{""condition"":""always"",""dtype"":""uint8"",""layout"":""HWC"",""lifecycle"":""borrowed-for-call"",""name"":""input""},{""condition"":""always"",""dtype"":""uint8"",""layout"":""HWC"",""lifecycle"":""owned-per-run-workspace-reusable"",""name"":""working-u8""}],""copies"":[{""condition"":""non-contiguous-input"",""count"":""0-or-1"",""reason"":""normalize-to-contiguous-HWC"",""stage"":""python-entry""},{""condition"":""always"",""count"":""1"",""reason"":""establish-owned-working-buffer"",""stage"":""native-entry""},{""condition"":""always"",""count"":""0"",""reason"":""transfer-Rust-Vec-ownership-to-NumPy-storage"",""stage"":""python-output""}],""fallbacks"":[""runtime-avx2-or-numeric-safety-scalar""],""fusions"":[],""input"":{""channels"":""RGB"",""container"":""borrowed-buffer"",""contiguous"":true,""dtype"":""uint8"",""layout"":""HWC"",""ownership"":""caller""},""mode"":""staged-fresh"",""optimizations"":[],""output"":{""channels"":""RGB"",""container"":""owned-buffer"",""contiguous"":true,""dtype"":""uint8"",""layout"":""HWC"",""ownership"":""result""},""output_dtype"":""uint8"",""output_layout"":""HWC"",""passes"":1,""pixel_passes"":4,""python_boundary"":{""crossings_per_call"":1,""gil"":""held-during-augmentation"",""input"":""NumPy HWC RGB uint8"",""input_access"":""read-only-borrow"",""output"":""owned contiguous NumPy array""},""sampling"":""native-plan-before-execution"",""schema_version"":2,""steps"":[{""allocation"":""none"",""category"":""color"",""execution"":""in-place"",""fallback"":""runtime-avx2-or-numeric-safety-scalar"",""input_materialization"":""owned-input-copy"",""kernel_form"":""owned-in-place"",""name"":""ColorJitter"",""output_slot"":""working-u8"",""pixel_passes"":4,""policies"":[{""name"":""brightness"",""value"":""[0.8,1.2]""},{""name"":""contrast"",""value"":""[0.8,1.2]""},{""name"":""saturation"",""value"":""[0.8,1.2]""},{""name"":""hue"",""value"":""[0,0]""},{""name"":""order"",""value"":""uniform-random-permutation""}],""probability"":1.0,""scratch_slots"":[],""selection_reason"":""benchmark-policy:composed-color-matrix"",""status"":""always""}],""transforms"":[""ColorJitter""],""unit_specializations"":[]}",9127.335456960049,layer1_transform,0.10957549999999999,0.109561,0.10927500000000001,0.121871,3,0.27427643048163247,224,ColorJitter,True,staged-fresh
rust,,"{""buffers"":[{""condition"":""always"",""dtype"":""uint8"",""layout"":""HWC"",""lifecycle"":""borrowed-for-call"",""name"":""input""},{""condition"":""always"",""dtype"":""uint8"",""layout"":""HWC"",""lifecycle"":""owned-per-run-workspace-reusable"",""name"":""working-u8""}],""copies"":[{""condition"":""non-contiguous-input"",""count"":""0-or-1"",""reason"":""normalize-to-contiguous-HWC"",""stage"":""python-entry""},{""condition"":""always"",""count"":""1"",""reason"":""establish-owned-working-buffer"",""stage"":""native-entry""},{""condition"":""always"",""count"":""0"",""reason"":""transfer-Rust-Vec-ownership-to-NumPy-storage"",""stage"":""python-output""}],""fallbacks"":[""runtime-avx2-or-numeric-safety-scalar""],""fusions"":[],""input"":{""channels"":""RGB"",""container"":""borrowed-buffer"",""contiguous"":true,""dtype"":""uint8"",""layout"":""HWC"",""ownership"":""caller""},""mode"":""staged-fresh"",""optimizations"":[],""output"":{""channels"":""RGB"",""container"":""owned-buffer"",""contiguous"":true,""dtype"":""uint8"",""layout"":""HWC"",""ownership"":""result""},""output_dtype"":""uint8"",""output_layout"":""HWC"",""passes"":1,""pixel_passes"":4,""python_boundary"":{""crossings_per_call"":1,""gil"":""held-during-augmentation"",""input"":""NumPy HWC RGB uint8"",""input_access"":""read-only-borrow"",""output"":""owned contiguous NumPy array""},""sampling"":""native-plan-before-execution"",""schema_version"":2,""steps"":[{""allocation"":""none"",""category"":""color"",""execution"":""in-place"",""fallback"":""runtime-avx2-or-numeric-safety-scalar"",""input_materialization"":""owned-input-copy"",""kernel_form"":""owned-in-place"",""name"":""ColorJitter"",""output_slot"":""working-u8"",""pixel_passes"":4,""policies"":[{""name"":""brightness"",""value"":""[0.8,1.2]""},{""name"":""contrast"",""value"":""[0.8,1.2]""},{""name"":""saturation"",""value"":""[0.8,1.2]""},{""name"":""hue"",""value"":""[0,0]""},{""name"":""order"",""value"":""uniform-random-permutation""}],""probability"":1.0,""scratch_slots"":[],""selection_reason"":""benchmark-policy:composed-color-matrix"",""status"":""always""}],""transforms"":[""ColorJitter""],""unit_specializations"":[]}",1714.859947388097,layer1_transform,0.5852335,0.5831379999999999,0.5790685,0.599184,3,1.0572111575647576,512,ColorJitter,True,staged-fresh
rust,,"{""buffers"":[{""condition"":""always"",""dtype"":""uint8"",""layout"":""HWC"",""lifecycle"":""borrowed-for-call"",""name"":""input""},{""condition"":""always"",""dtype"":""uint8"",""layout"":""HWC"",""lifecycle"":""owned-per-run-workspace-reusable"",""name"":""working-u8""},{""condition"":""GaussianBlur-applied"",""dtype"":""uint16"",""layout"":""HWC"",""lifecycle"":""owned-per-run-workspace-reusable"",""name"":""blur-temp""}],""copies"":[{""condition"":""non-contiguous-input"",""count"":""0-or-1"",""reason"":""normalize-to-contiguous-HWC"",""stage"":""python-entry""},{""condition"":""always"",""count"":""1"",""reason"":""establish-owned-working-buffer"",""stage"":""native-entry""},{""condition"":""always"",""count"":""0"",""reason"":""transfer-Rust-Vec-ownership-to-NumPy-storage"",""stage"":""python-output""}],""fallbacks"":[""runtime-avx2-or-scalar""],""fusions"":[],""input"":{""channels"":""RGB"",""container"":""borrowed-buffer"",""contiguous"":true,""dtype"":""uint8"",""layout"":""HWC"",""ownership"":""caller""},""mode"":""staged-fresh"",""optimizations"":[],""output"":{""channels"":""RGB"",""container"":""owned-buffer"",""contiguous"":true,""dtype"":""uint8"",""layout"":""HWC"",""ownership"":""result""},""output_dtype"":""uint8"",""output_layout"":""HWC"",""passes"":1,""pixel_passes"":2,""python_boundary"":{""crossings_per_call"":1,""gil"":""held-during-augmentation"",""input"":""NumPy HWC RGB uint8"",""input_access"":""read-only-borrow"",""output"":""owned contiguous NumPy array""},""sampling"":""native-plan-before-execution"",""schema_version"":2,""steps"":[{""allocation"":""workspace-u16"",""category"":""filter"",""execution"":""in-place"",""fallback"":""runtime-avx2-or-scalar"",""input_materialization"":""owned-input-copy"",""kernel_form"":""owned-in-place"",""name"":""GaussianBlur"",""output_slot"":""working-u8"",""pixel_passes"":2,""policies"":[{""name"":""kernel-size"",""value"":""5""},{""name"":""sigma"",""value"":""[1.1,1.1]""},{""name"":""border"",""value"":""reflect101""}],""probability"":1.0,""scratch_slots"":[""blur-temp""],""selection_reason"":""semantic-legality:owned-in-place"",""status"":""always""}],""transforms"":[""GaussianBlur""],""unit_specializations"":[]}",1315.1327725168815,layer1_transform,0.816065,0.7603795,0.7461949999999999,0.858965,3,9.188832681575464,1024,GaussianBlur,True,staged-fresh
rust,,"{""buffers"":[{""condition"":""always"",""dtype"":""uint8"",""layout"":""HWC"",""lifecycle"":""borrowed-for-call"",""name"":""input""},{""condition"":""always"",""dtype"":""uint8"",""layout"":""HWC"",""lifecycle"":""owned-per-run-workspace-reusable"",""name"":""working-u8""},{""condition"":""GaussianBlur-applied"",""dtype"":""uint16"",""layout"":""HWC"",""lifecycle"":""owned-per-run-workspace-reusable"",""name"":""blur-temp""}],""copies"":[{""condition"":""non-contiguous-input"",""count"":""0-or-1"",""reason"":""normalize-to-contiguous-HWC"",""stage"":""python-entry""},{""condition"":""always"",""count"":""1"",""reason"":""establish-owned-working-buffer"",""stage"":""native-entry""},{""condition"":""always"",""count"":""0"",""reason"":""transfer-Rust-Vec-ownership-to-NumPy-storage"",""stage"":""python-output""}],""fallbacks"":[""runtime-avx2-or-scalar""],""fusions"":[],""input"":{""channels"":""RGB"",""container"":""borrowed-buffer"",""contiguous"":true,""dtype"":""uint8"",""layout"":""HWC"",""ownership"":""caller""},""mode"":""staged-fresh"",""optimizations"":[],""output"":{""channels"":""RGB"",""container"":""owned-buffer"",""contiguous"":true,""dtype"":""uint8"",""layout"":""HWC"",""ownership"":""result""},""output_dtype"":""uint8"",""output_layout"":""HWC"",""passes"":1,""pixel_passes"":2,""python_boundary"":{""crossings_per_call"":1,""gil"":""held-during-augmentation"",""input"":""NumPy HWC RGB uint8"",""input_access"":""read-only-borrow"",""output"":""owned contiguous NumPy array""},""sampling"":""native-plan-before-execution"",""schema_version"":2,""steps"":[{""allocation"":""workspace-u16"",""category"":""filter"",""execution"":""in-place"",""fallback"":""runtime-avx2-or-scalar"",""input_materialization"":""owned-input-copy"",""kernel_form"":""owned-in-place"",""name"":""GaussianBlur"",""output_slot"":""working-u8"",""pixel_passes"":2,""policies"":[{""name"":""kernel-size"",""value"":""5""},{""name"":""sigma"",""value"":""[1.1,1.1]""},{""name"":""border"",""value"":""reflect101""}],""probability"":1.0,""scratch_slots"":[""blur-temp""],""selection_reason"":""semantic-legality:owned-in-place"",""status"":""always""}],""transforms"":[""GaussianBlur""],""unit_specializations"":[]}",30859.435272334515,layer1_transform,0.032441,0.032405,0.0323755,0.033491,3,0.2021293010337791,224,GaussianBlur,True,staged-fresh
rust,,"{""buffers"":[{""condition"":""always"",""dtype"":""uint8"",""layout"":""HWC"",""lifecycle"":""borrowed-for-call"",""name"":""input""},{""condition"":""always"",""dtype"":""uint8"",""layout"":""HWC"",""lifecycle"":""owned-per-run-workspace-reusable"",""name"":""working-u8""},{""condition"":""GaussianBlur-applied"",""dtype"":""uint16"",""layout"":""HWC"",""lifecycle"":""owned-per-run-workspace-reusable"",""name"":""blur-temp""}],""copies"":[{""condition"":""non-contiguous-input"",""count"":""0-or-1"",""reason"":""normalize-to-contiguous-HWC"",""stage"":""python-entry""},{""condition"":""always"",""count"":""1"",""reason"":""establish-owned-working-buffer"",""stage"":""native-entry""},{""condition"":""always"",""count"":""0"",""reason"":""transfer-Rust-Vec-ownership-to-NumPy-storage"",""stage"":""python-output""}],""fallbacks"":[""runtime-avx2-or-scalar""],""fusions"":[],""input"":{""channels"":""RGB"",""container"":""borrowed-buffer"",""contiguous"":true,""dtype"":""uint8"",""layout"":""HWC"",""ownership"":""caller""},""mode"":""staged-fresh"",""optimizations"":[],""output"":{""channels"":""RGB"",""container"":""owned-buffer"",""contiguous"":true,""dtype"":""uint8"",""layout"":""HWC"",""ownership"":""result""},""output_dtype"":""uint8"",""output_layout"":""HWC"",""passes"":1,""pixel_passes"":2,""python_boundary"":{""crossings_per_call"":1,""gil"":""held-during-augmentation"",""input"":""NumPy HWC RGB uint8"",""input_access"":""read-only-borrow"",""output"":""owned contiguous NumPy array""},""sampling"":""native-plan-before-execution"",""schema_version"":2,""steps"":[{""allocation"":""workspace-u16"",""category"":""filter"",""execution"":""in-place"",""fallback"":""runtime-avx2-or-scalar"",""input_materialization"":""owned-input-copy"",""kernel_form"":""owned-in-place"",""name"":""GaussianBlur"",""output_slot"":""working-u8"",""pixel_passes"":2,""policies"":[{""name"":""kernel-size"",""value"":""5""},{""name"":""sigma"",""value"":""[1.1,1.1]""},{""name"":""border"",""value"":""reflect101""}],""probability"":1.0,""scratch_slots"":[""blur-temp""],""selection_reason"":""semantic-legality:owned-in-place"",""status"":""always""}],""transforms"":[""GaussianBlur""],""unit_specializations"":[]}",5923.082846159769,layer1_transform,0.17025600000000002,0.168831,0.16878100000000001,0.183201,3,0.8736547198085685,512,GaussianBlur,True,staged-fresh
rust,,"{""buffers"":[{""condition"":""always"",""dtype"":""uint8"",""layout"":""HWC"",""lifecycle"":""borrowed-for-call"",""name"":""input""},{""condition"":""always"",""dtype"":""uint8"",""layout"":""HWC"",""lifecycle"":""owned-per-run-workspace-reusable"",""name"":""working-u8""}],""copies"":[{""condition"":""non-contiguous-input"",""count"":""0-or-1"",""reason"":""normalize-to-contiguous-HWC"",""stage"":""python-entry""},{""condition"":""always"",""count"":""1"",""reason"":""establish-owned-working-buffer"",""stage"":""native-entry""},{""condition"":""always"",""count"":""0"",""reason"":""transfer-Rust-Vec-ownership-to-NumPy-storage"",""stage"":""python-output""}],""fallbacks"":[""runtime-avx2-or-scalar""],""fusions"":[],""input"":{""channels"":""RGB"",""container"":""borrowed-buffer"",""contiguous"":true,""dtype"":""uint8"",""layout"":""HWC"",""ownership"":""caller""},""mode"":""staged-fresh"",""optimizations"":[],""output"":{""channels"":""RGB"",""container"":""owned-buffer"",""contiguous"":true,""dtype"":""uint8"",""layout"":""HWC"",""ownership"":""result""},""output_dtype"":""uint8"",""output_layout"":""HWC"",""passes"":1,""pixel_passes"":1,""python_boundary"":{""crossings_per_call"":1,""gil"":""held-during-augmentation"",""input"":""NumPy HWC RGB uint8"",""input_access"":""read-only-borrow"",""output"":""owned contiguous NumPy array""},""sampling"":""native-plan-before-execution"",""schema_version"":2,""steps"":[{""allocation"":""none"",""category"":""color"",""execution"":""in-place"",""fallback"":""runtime-avx2-or-scalar"",""input_materialization"":""owned-input-copy"",""kernel_form"":""owned-in-place"",""name"":""Grayscale"",""output_slot"":""working-u8"",""pixel_passes"":1,""policies"":[{""name"":""coefficients"",""value"":""bt601-q8""},{""name"":""channels"",""value"":""replicate-rgb""}],""probability"":1.0,""scratch_slots"":[],""selection_reason"":""semantic-legality:owned-in-place"",""status"":""always""}],""transforms"":[""Grayscale""],""unit_specializations"":[]}",4619.022984258369,layer1_transform,0.219391,0.216496,0.210241,0.226922,3,4.226406030596404,1024,Grayscale,True,staged-fresh
rust,,"{""buffers"":[{""condition"":""always"",""dtype"":""uint8"",""layout"":""HWC"",""lifecycle"":""borrowed-for-call"",""name"":""input""},{""condition"":""always"",""dtype"":""uint8"",""layout"":""HWC"",""lifecycle"":""owned-per-run-workspace-reusable"",""name"":""working-u8""}],""copies"":[{""condition"":""non-contiguous-input"",""count"":""0-or-1"",""reason"":""normalize-to-contiguous-HWC"",""stage"":""python-entry""},{""condition"":""always"",""count"":""1"",""reason"":""establish-owned-working-buffer"",""stage"":""native-entry""},{""condition"":""always"",""count"":""0"",""reason"":""transfer-Rust-Vec-ownership-to-NumPy-storage"",""stage"":""python-output""}],""fallbacks"":[""runtime-avx2-or-scalar""],""fusions"":[],""input"":{""channels"":""RGB"",""container"":""borrowed-buffer"",""contiguous"":true,""dtype"":""uint8"",""layout"":""HWC"",""ownership"":""caller""},""mode"":""staged-fresh"",""optimizations"":[],""output"":{""channels"":""RGB"",""container"":""owned-buffer"",""contiguous"":true,""dtype"":""uint8"",""layout"":""HWC"",""ownership"":""result""},""output_dtype"":""uint8"",""output_layout"":""HWC"",""passes"":1,""pixel_passes"":1,""python_boundary"":{""crossings_per_call"":1,""gil"":""held-during-augmentation"",""input"":""NumPy HWC RGB uint8"",""input_access"":""read-only-borrow"",""output"":""owned contiguous NumPy array""},""sampling"":""native-plan-before-execution"",""schema_version"":2,""steps"":[{""allocation"":""none"",""category"":""color"",""execution"":""in-place"",""fallback"":""runtime-avx2-or-scalar"",""input_materialization"":""owned-input-copy"",""kernel_form"":""owned-in-place"",""name"":""Grayscale"",""output_slot"":""working-u8"",""pixel_passes"":1,""policies"":[{""name"":""coefficients"",""value"":""bt601-q8""},{""name"":""channels"",""value"":""replicate-rgb""}],""probability"":1.0,""scratch_slots"":[],""selection_reason"":""semantic-legality:owned-in-place"",""status"":""always""}],""transforms"":[""Grayscale""],""unit_specializations"":[]}",107526.88172043012,layer1_transform,0.00932,0.0093,0.00927,0.00948,3,0.5376344086021474,224,Grayscale,True,staged-fresh
rust,,"{""buffers"":[{""condition"":""always"",""dtype"":""uint8"",""layout"":""HWC"",""lifecycle"":""borrowed-for-call"",""name"":""input""},{""condition"":""always"",""dtype"":""uint8"",""layout"":""HWC"",""lifecycle"":""owned-per-run-workspace-reusable"",""name"":""working-u8""}],""copies"":[{""condition"":""non-contiguous-input"",""count"":""0-or-1"",""reason"":""normalize-to-contiguous-HWC"",""stage"":""python-entry""},{""condition"":""always"",""count"":""1"",""reason"":""establish-owned-working-buffer"",""stage"":""native-entry""},{""condition"":""always"",""count"":""0"",""reason"":""transfer-Rust-Vec-ownership-to-NumPy-storage"",""stage"":""python-output""}],""fallbacks"":[""runtime-avx2-or-scalar""],""fusions"":[],""input"":{""channels"":""RGB"",""container"":""borrowed-buffer"",""contiguous"":true,""dtype"":""uint8"",""layout"":""HWC"",""ownership"":""caller""},""mode"":""staged-fresh"",""optimizations"":[],""output"":{""channels"":""RGB"",""container"":""owned-buffer"",""contiguous"":true,""dtype"":""uint8"",""layout"":""HWC"",""ownership"":""result""},""output_dtype"":""uint8"",""output_layout"":""HWC"",""passes"":1,""pixel_passes"":1,""python_boundary"":{""crossings_per_call"":1,""gil"":""held-during-augmentation"",""input"":""NumPy HWC RGB uint8"",""input_access"":""read-only-borrow"",""output"":""owned contiguous NumPy array""},""sampling"":""native-plan-before-execution"",""schema_version"":2,""steps"":[{""allocation"":""none"",""category"":""color"",""execution"":""in-place"",""fallback"":""runtime-avx2-or-scalar"",""input_materialization"":""owned-input-copy"",""kernel_form"":""owned-in-place"",""name"":""Grayscale"",""output_slot"":""working-u8"",""pixel_passes"":1,""policies"":[{""name"":""coefficients"",""value"":""bt601-q8""},{""name"":""channels"",""value"":""replicate-rgb""}],""probability"":1.0,""scratch_slots"":[],""selection_reason"":""semantic-legality:owned-in-place"",""status"":""always""}],""transforms"":[""Grayscale""],""unit_specializations"":[]}",20521.02892439027,layer1_transform,0.048866,0.048730499999999996,0.048710500000000004,0.06217,3,0.3191019997742603,512,Grayscale,True,staged-fresh
rust,,"{""buffers"":[{""condition"":""always"",""dtype"":""uint8"",""layout"":""HWC"",""lifecycle"":""borrowed-for-call"",""name"":""input""},{""condition"":""always"",""dtype"":""uint8"",""layout"":""HWC"",""lifecycle"":""owned-per-run-workspace-reusable"",""name"":""working-u8""}],""copies"":[{""condition"":""non-contiguous-input"",""count"":""0-or-1"",""reason"":""normalize-to-contiguous-HWC"",""stage"":""python-entry""},{""condition"":""always"",""count"":""1"",""reason"":""establish-owned-working-buffer"",""stage"":""native-entry""},{""condition"":""always"",""count"":""0"",""reason"":""transfer-Rust-Vec-ownership-to-NumPy-storage"",""stage"":""python-output""}],""fallbacks"":[""runtime-avx2-or-scalar""],""fusions"":[],""input"":{""channels"":""RGB"",""container"":""borrowed-buffer"",""contiguous"":true,""dtype"":""uint8"",""layout"":""HWC"",""ownership"":""caller""},""mode"":""staged-fresh"",""optimizations"":[],""output"":{""channels"":""RGB"",""container"":""owned-buffer"",""contiguous"":true,""dtype"":""uint8"",""layout"":""HWC"",""ownership"":""result""},""output_dtype"":""uint8"",""output_layout"":""HWC"",""passes"":1,""pixel_passes"":1,""python_boundary"":{""crossings_per_call"":1,""gil"":""held-during-augmentation"",""input"":""NumPy HWC RGB uint8"",""input_access"":""read-only-borrow"",""output"":""owned contiguous NumPy array""},""sampling"":""native-plan-before-execution"",""schema_version"":2,""steps"":[{""allocation"":""none"",""category"":""geometry"",""execution"":""in-place"",""fallback"":""runtime-avx2-or-scalar"",""input_materialization"":""owned-input-copy"",""kernel_form"":""owned-in-place"",""name"":""HorizontalFlip"",""output_slot"":""working-u8"",""pixel_passes"":1,""policies"":[],""probability"":1.0,""scratch_slots"":[],""selection_reason"":""semantic-legality:owned-in-place"",""status"":""always""}],""transforms"":[""HorizontalFlip""],""unit_specializations"":[]}",9839.565878353445,layer1_transform,0.1030205,0.10163050000000001,0.1003255,0.12247,3,2.6517630042162565,1024,HorizontalFlip,True,staged-fresh
rust,,"{""buffers"":[{""condition"":""always"",""dtype"":""uint8"",""layout"":""HWC"",""lifecycle"":""borrowed-for-call"",""name"":""input""},{""condition"":""always"",""dtype"":""uint8"",""layout"":""HWC"",""lifecycle"":""owned-per-run-workspace-reusable"",""name"":""working-u8""}],""copies"":[{""condition"":""non-contiguous-input"",""count"":""0-or-1"",""reason"":""normalize-to-contiguous-HWC"",""stage"":""python-entry""},{""condition"":""always"",""count"":""1"",""reason"":""establish-owned-working-buffer"",""stage"":""native-entry""},{""condition"":""always"",""count"":""0"",""reason"":""transfer-Rust-Vec-ownership-to-NumPy-storage"",""stage"":""python-output""}],""fallbacks"":[""runtime-avx2-or-scalar""],""fusions"":[],""input"":{""channels"":""RGB"",""container"":""borrowed-buffer"",""contiguous"":true,""dtype"":""uint8"",""layout"":""HWC"",""ownership"":""caller""},""mode"":""staged-fresh"",""optimizations"":[],""output"":{""channels"":""RGB"",""container"":""owned-buffer"",""contiguous"":true,""dtype"":""uint8"",""layout"":""HWC"",""ownership"":""result""},""output_dtype"":""uint8"",""output_layout"":""HWC"",""passes"":1,""pixel_passes"":1,""python_boundary"":{""crossings_per_call"":1,""gil"":""held-during-augmentation"",""input"":""NumPy HWC RGB uint8"",""input_access"":""read-only-borrow"",""output"":""owned contiguous NumPy array""},""sampling"":""native-plan-before-execution"",""schema_version"":2,""steps"":[{""allocation"":""none"",""category"":""geometry"",""execution"":""in-place"",""fallback"":""runtime-avx2-or-scalar"",""input_materialization"":""owned-input-copy"",""kernel_form"":""owned-in-place"",""name"":""HorizontalFlip"",""output_slot"":""working-u8"",""pixel_passes"":1,""policies"":[],""probability"":1.0,""scratch_slots"":[],""selection_reason"":""semantic-legality:owned-in-place"",""status"":""always""}],""transforms"":[""HorizontalFlip""],""unit_specializations"":[]}",244798.04161566708,layer1_transform,0.00412,0.004085,0.004055,0.00425,3,1.5911872705018562,224,HorizontalFlip,True,staged-fresh
rust,,"{""buffers"":[{""condition"":""always"",""dtype"":""uint8"",""layout"":""HWC"",""lifecycle"":""borrowed-for-call"",""name"":""input""},{""condition"":""always"",""dtype"":""uint8"",""layout"":""HWC"",""lifecycle"":""owned-per-run-workspace-reusable"",""name"":""working-u8""}],""copies"":[{""condition"":""non-contiguous-input"",""count"":""0-or-1"",""reason"":""normalize-to-contiguous-HWC"",""stage"":""python-entry""},{""condition"":""always"",""count"":""1"",""reason"":""establish-owned-working-buffer"",""stage"":""native-entry""},{""condition"":""always"",""count"":""0"",""reason"":""transfer-Rust-Vec-ownership-to-NumPy-storage"",""stage"":""python-output""}],""fallbacks"":[""runtime-avx2-or-scalar""],""fusions"":[],""input"":{""channels"":""RGB"",""container"":""borrowed-buffer"",""contiguous"":true,""dtype"":""uint8"",""layout"":""HWC"",""ownership"":""caller""},""mode"":""staged-fresh"",""optimizations"":[],""output"":{""channels"":""RGB"",""container"":""owned-buffer"",""contiguous"":true,""dtype"":""uint8"",""layout"":""HWC"",""ownership"":""result""},""output_dtype"":""uint8"",""output_layout"":""HWC"",""passes"":1,""pixel_passes"":1,""python_boundary"":{""crossings_per_call"":1,""gil"":""held-during-augmentation"",""input"":""NumPy HWC RGB uint8"",""input_access"":""read-only-borrow"",""output"":""owned contiguous NumPy array""},""sampling"":""native-plan-before-execution"",""schema_version"":2,""steps"":[{""allocation"":""none"",""category"":""geometry"",""execution"":""in-place"",""fallback"":""runtime-avx2-or-scalar"",""input_materialization"":""owned-input-copy"",""kernel_form"":""owned-in-place"",""name"":""HorizontalFlip"",""output_slot"":""working-u8"",""pixel_passes"":1,""policies"":[],""probability"":1.0,""scratch_slots"":[],""selection_reason"":""semantic-legality:owned-in-place"",""status"":""always""}],""transforms"":[""HorizontalFlip""],""unit_specializations"":[]}",45641.25969876769,layer1_transform,0.02196,0.02191,0.021894999999999998,0.02781,3,0.2966681880420016,512,HorizontalFlip,True,staged-fresh
rust,,"{""buffers"":[{""condition"":""always"",""dtype"":""uint8"",""layout"":""HWC"",""lifecycle"":""borrowed-for-call"",""name"":""input""},{""condition"":""always"",""dtype"":""uint8"",""layout"":""HWC"",""lifecycle"":""owned-per-run-workspace-reusable"",""name"":""working-u8""}],""copies"":[{""condition"":""non-contiguous-input"",""count"":""0-or-1"",""reason"":""normalize-to-contiguous-HWC"",""stage"":""python-entry""},{""condition"":""always"",""count"":""1"",""reason"":""establish-owned-working-buffer"",""stage"":""native-entry""},{""condition"":""always"",""count"":""0"",""reason"":""transfer-Rust-Vec-ownership-to-NumPy-storage"",""stage"":""python-output""}],""fallbacks"":[""runtime-avx2-or-scalar""],""fusions"":[],""input"":{""channels"":""RGB"",""container"":""borrowed-buffer"",""contiguous"":true,""dtype"":""uint8"",""layout"":""HWC"",""ownership"":""caller""},""mode"":""staged-fresh"",""optimizations"":[],""output"":{""channels"":""RGB"",""container"":""owned-buffer"",""contiguous"":true,""dtype"":""uint8"",""layout"":""HWC"",""ownership"":""result""},""output_dtype"":""uint8"",""output_layout"":""HWC"",""passes"":1,""pixel_passes"":1,""python_boundary"":{""crossings_per_call"":1,""gil"":""held-during-augmentation"",""input"":""NumPy HWC RGB uint8"",""input_access"":""read-only-borrow"",""output"":""owned contiguous NumPy array""},""sampling"":""native-plan-before-execution"",""schema_version"":2,""steps"":[{""allocation"":""none"",""category"":""color"",""execution"":""in-place"",""fallback"":""runtime-avx2-or-scalar"",""input_materialization"":""owned-input-copy"",""kernel_form"":""owned-in-place"",""name"":""Invert"",""output_slot"":""working-u8"",""pixel_passes"":1,""policies"":[],""probability"":1.0,""scratch_slots"":[],""selection_reason"":""semantic-legality:owned-in-place"",""status"":""always""}],""transforms"":[""Invert""],""unit_specializations"":[]}",11542.545823906923,layer1_transform,0.087395,0.08663599999999999,0.07546,0.098601,3,13.776028440832913,1024,Invert,True,staged-fresh
rust,,"{""buffers"":[{""condition"":""always"",""dtype"":""uint8"",""layout"":""HWC"",""lifecycle"":""borrowed-for-call"",""name"":""input""},{""condition"":""always"",""dtype"":""uint8"",""layout"":""HWC"",""lifecycle"":""owned-per-run-workspace-reusable"",""name"":""working-u8""}],""copies"":[{""condition"":""non-contiguous-input"",""count"":""0-or-1"",""reason"":""normalize-to-contiguous-HWC"",""stage"":""python-entry""},{""condition"":""always"",""count"":""1"",""reason"":""establish-owned-working-buffer"",""stage"":""native-entry""},{""condition"":""always"",""count"":""0"",""reason"":""transfer-Rust-Vec-ownership-to-NumPy-storage"",""stage"":""python-output""}],""fallbacks"":[""runtime-avx2-or-scalar""],""fusions"":[],""input"":{""channels"":""RGB"",""container"":""borrowed-buffer"",""contiguous"":true,""dtype"":""uint8"",""layout"":""HWC"",""ownership"":""caller""},""mode"":""staged-fresh"",""optimizations"":[],""output"":{""channels"":""RGB"",""container"":""owned-buffer"",""contiguous"":true,""dtype"":""uint8"",""layout"":""HWC"",""ownership"":""result""},""output_dtype"":""uint8"",""output_layout"":""HWC"",""passes"":1,""pixel_passes"":1,""python_boundary"":{""crossings_per_call"":1,""gil"":""held-during-augmentation"",""input"":""NumPy HWC RGB uint8"",""input_access"":""read-only-borrow"",""output"":""owned contiguous NumPy array""},""sampling"":""native-plan-before-execution"",""schema_version"":2,""steps"":[{""allocation"":""none"",""category"":""color"",""execution"":""in-place"",""fallback"":""runtime-avx2-or-scalar"",""input_materialization"":""owned-input-copy"",""kernel_form"":""owned-in-place"",""name"":""Invert"",""output_slot"":""working-u8"",""pixel_passes"":1,""policies"":[],""probability"":1.0,""scratch_slots"":[],""selection_reason"":""semantic-legality:owned-in-place"",""status"":""always""}],""transforms"":[""Invert""],""unit_specializations"":[]}",313971.7425431711,layer1_transform,0.00319,0.0031850000000000003,0.003085,0.00336,3,3.2967032967032983,224,Invert,True,staged-fresh
rust,,"{""buffers"":[{""condition"":""always"",""dtype"":""uint8"",""layout"":""HWC"",""lifecycle"":""borrowed-for-call"",""name"":""input""},{""condition"":""always"",""dtype"":""uint8"",""layout"":""HWC"",""lifecycle"":""owned-per-run-workspace-reusable"",""name"":""working-u8""}],""copies"":[{""condition"":""non-contiguous-input"",""count"":""0-or-1"",""reason"":""normalize-to-contiguous-HWC"",""stage"":""python-entry""},{""condition"":""always"",""count"":""1"",""reason"":""establish-owned-working-buffer"",""stage"":""native-entry""},{""condition"":""always"",""count"":""0"",""reason"":""transfer-Rust-Vec-ownership-to-NumPy-storage"",""stage"":""python-output""}],""fallbacks"":[""runtime-avx2-or-scalar""],""fusions"":[],""input"":{""channels"":""RGB"",""container"":""borrowed-buffer"",""contiguous"":true,""dtype"":""uint8"",""layout"":""HWC"",""ownership"":""caller""},""mode"":""staged-fresh"",""optimizations"":[],""output"":{""channels"":""RGB"",""container"":""owned-buffer"",""contiguous"":true,""dtype"":""uint8"",""layout"":""HWC"",""ownership"":""result""},""output_dtype"":""uint8"",""output_layout"":""HWC"",""passes"":1,""pixel_passes"":1,""python_boundary"":{""crossings_per_call"":1,""gil"":""held-during-augmentation"",""input"":""NumPy HWC RGB uint8"",""input_access"":""read-only-borrow"",""output"":""owned contiguous NumPy array""},""sampling"":""native-plan-before-execution"",""schema_version"":2,""steps"":[{""allocation"":""none"",""category"":""color"",""execution"":""in-place"",""fallback"":""runtime-avx2-or-scalar"",""input_materialization"":""owned-input-copy"",""kernel_form"":""owned-in-place"",""name"":""Invert"",""output_slot"":""working-u8"",""pixel_passes"":1,""policies"":[],""probability"":1.0,""scratch_slots"":[],""selection_reason"":""semantic-legality:owned-in-place"",""status"":""always""}],""transforms"":[""Invert""],""unit_specializations"":[]}",59171.5976331361,layer1_transform,0.017079999999999998,0.0169,0.0169,0.01747,3,1.0650887573964474,512,Invert,True,staged-fresh
rust,,"{""buffers"":[{""condition"":""always"",""dtype"":""uint8"",""layout"":""HWC"",""lifecycle"":""borrowed-for-call"",""name"":""input""},{""condition"":""always"",""dtype"":""uint8"",""layout"":""HWC"",""lifecycle"":""owned-per-run-workspace-reusable"",""name"":""working-u8""},{""condition"":""Normalize-applied"",""dtype"":""float32"",""layout"":""HWC"",""lifecycle"":""owned-output"",""name"":""output-f32""}],""copies"":[{""condition"":""non-contiguous-input"",""count"":""0-or-1"",""reason"":""normalize-to-contiguous-HWC"",""stage"":""python-entry""},{""condition"":""always"",""count"":""1"",""reason"":""establish-owned-working-buffer"",""stage"":""native-entry""},{""condition"":""always"",""count"":""0"",""reason"":""transfer-Rust-Vec-ownership-to-NumPy-storage"",""stage"":""python-output""}],""fallbacks"":[""runtime-avx2-or-scalar""],""fusions"":[],""input"":{""channels"":""RGB"",""container"":""borrowed-buffer"",""contiguous"":true,""dtype"":""uint8"",""layout"":""HWC"",""ownership"":""caller""},""mode"":""staged-fresh"",""optimizations"":[],""output"":{""channels"":""RGB"",""container"":""owned-buffer"",""contiguous"":true,""dtype"":""float32"",""layout"":""HWC"",""ownership"":""result""},""output_dtype"":""float32"",""output_layout"":""HWC"",""passes"":1,""pixel_passes"":1,""python_boundary"":{""crossings_per_call"":1,""gil"":""held-during-augmentation"",""input"":""NumPy HWC RGB uint8"",""input_access"":""read-only-borrow"",""output"":""owned contiguous NumPy array""},""sampling"":""native-plan-before-execution"",""schema_version"":2,""steps"":[{""allocation"":""owned-f32-output"",""category"":""dtype"",""execution"":""terminal"",""fallback"":""runtime-avx2-or-scalar"",""input_materialization"":""owned-input-copy"",""kernel_form"":""owned-to-owned"",""name"":""Normalize"",""output_slot"":""output-f32-hwc"",""pixel_passes"":1,""policies"":[{""name"":""max-pixel-value"",""value"":""255""}],""probability"":1.0,""scratch_slots"":[],""selection_reason"":""semantic-legality:owned-to-owned"",""status"":""always""}],""transforms"":[""Normalize""],""unit_specializations"":[]}",2632.7775539916856,layer1_transform,0.38994249999999997,0.379827,0.3730375,0.432722,3,4.45071045502293,1024,Normalize,True,staged-fresh
rust,,"{""buffers"":[{""condition"":""always"",""dtype"":""uint8"",""layout"":""HWC"",""lifecycle"":""borrowed-for-call"",""name"":""input""},{""condition"":""always"",""dtype"":""uint8"",""layout"":""HWC"",""lifecycle"":""owned-per-run-workspace-reusable"",""name"":""working-u8""},{""condition"":""Normalize-applied"",""dtype"":""float32"",""layout"":""HWC"",""lifecycle"":""owned-output"",""name"":""output-f32""}],""copies"":[{""condition"":""non-contiguous-input"",""count"":""0-or-1"",""reason"":""normalize-to-contiguous-HWC"",""stage"":""python-entry""},{""condition"":""always"",""count"":""1"",""reason"":""establish-owned-working-buffer"",""stage"":""native-entry""},{""condition"":""always"",""count"":""0"",""reason"":""transfer-Rust-Vec-ownership-to-NumPy-storage"",""stage"":""python-output""}],""fallbacks"":[""runtime-avx2-or-scalar""],""fusions"":[],""input"":{""channels"":""RGB"",""container"":""borrowed-buffer"",""contiguous"":true,""dtype"":""uint8"",""layout"":""HWC"",""ownership"":""caller""},""mode"":""staged-fresh"",""optimizations"":[],""output"":{""channels"":""RGB"",""container"":""owned-buffer"",""contiguous"":true,""dtype"":""float32"",""layout"":""HWC"",""ownership"":""result""},""output_dtype"":""float32"",""output_layout"":""HWC"",""passes"":1,""pixel_passes"":1,""python_boundary"":{""crossings_per_call"":1,""gil"":""held-during-augmentation"",""input"":""NumPy HWC RGB uint8"",""input_access"":""read-only-borrow"",""output"":""owned contiguous NumPy array""},""sampling"":""native-plan-before-execution"",""schema_version"":2,""steps"":[{""allocation"":""owned-f32-output"",""category"":""dtype"",""execution"":""terminal"",""fallback"":""runtime-avx2-or-scalar"",""input_materialization"":""owned-input-copy"",""kernel_form"":""owned-to-owned"",""name"":""Normalize"",""output_slot"":""output-f32-hwc"",""pixel_passes"":1,""policies"":[{""name"":""max-pixel-value"",""value"":""255""}],""probability"":1.0,""scratch_slots"":[],""selection_reason"":""semantic-legality:owned-to-owned"",""status"":""always""}],""transforms"":[""Normalize""],""unit_specializations"":[]}",78339.20877399138,layer1_transform,0.012795,0.012765,0.01271,0.013,3,0.6658832745789268,224,Normalize,True,staged-fresh
rust,,"{""buffers"":[{""condition"":""always"",""dtype"":""uint8"",""layout"":""HWC"",""lifecycle"":""borrowed-for-call"",""name"":""input""},{""condition"":""always"",""dtype"":""uint8"",""layout"":""HWC"",""lifecycle"":""owned-per-run-workspace-reusable"",""name"":""working-u8""},{""condition"":""Normalize-applied"",""dtype"":""float32"",""layout"":""HWC"",""lifecycle"":""owned-output"",""name"":""output-f32""}],""copies"":[{""condition"":""non-contiguous-input"",""count"":""0-or-1"",""reason"":""normalize-to-contiguous-HWC"",""stage"":""python-entry""},{""condition"":""always"",""count"":""1"",""reason"":""establish-owned-working-buffer"",""stage"":""native-entry""},{""condition"":""always"",""count"":""0"",""reason"":""transfer-Rust-Vec-ownership-to-NumPy-storage"",""stage"":""python-output""}],""fallbacks"":[""runtime-avx2-or-scalar""],""fusions"":[],""input"":{""channels"":""RGB"",""container"":""borrowed-buffer"",""contiguous"":true,""dtype"":""uint8"",""layout"":""HWC"",""ownership"":""caller""},""mode"":""staged-fresh"",""optimizations"":[],""output"":{""channels"":""RGB"",""container"":""owned-buffer"",""contiguous"":true,""dtype"":""float32"",""layout"":""HWC"",""ownership"":""result""},""output_dtype"":""float32"",""output_layout"":""HWC"",""passes"":1,""pixel_passes"":1,""python_boundary"":{""crossings_per_call"":1,""gil"":""held-during-augmentation"",""input"":""NumPy HWC RGB uint8"",""input_access"":""read-only-borrow"",""output"":""owned contiguous NumPy array""},""sampling"":""native-plan-before-execution"",""schema_version"":2,""steps"":[{""allocation"":""owned-f32-output"",""category"":""dtype"",""execution"":""terminal"",""fallback"":""runtime-avx2-or-scalar"",""input_materialization"":""owned-input-copy"",""kernel_form"":""owned-to-owned"",""name"":""Normalize"",""output_slot"":""output-f32-hwc"",""pixel_passes"":1,""policies"":[{""name"":""max-pixel-value"",""value"":""255""}],""probability"":1.0,""scratch_slots"":[],""selection_reason"":""semantic-legality:owned-to-owned"",""status"":""always""}],""transforms"":[""Normalize""],""unit_specializations"":[]}",15361.927000122896,layer1_transform,0.0653155,0.065096,0.064975,0.07488,3,0.5230736143541748,512,Normalize,True,staged-fresh
rust,,"{""buffers"":[{""condition"":""always"",""dtype"":""uint8"",""layout"":""HWC"",""lifecycle"":""borrowed-for-call"",""name"":""input""},{""condition"":""always"",""dtype"":""uint8"",""layout"":""HWC"",""lifecycle"":""owned-per-run-workspace-reusable"",""name"":""working-u8""}],""copies"":[{""condition"":""non-contiguous-input"",""count"":""0-or-1"",""reason"":""normalize-to-contiguous-HWC"",""stage"":""python-entry""},{""condition"":""always"",""count"":""1"",""reason"":""establish-owned-working-buffer"",""stage"":""native-entry""},{""condition"":""always"",""count"":""0"",""reason"":""transfer-Rust-Vec-ownership-to-NumPy-storage"",""stage"":""python-output""}],""fallbacks"":[""runtime-avx2-or-scalar""],""fusions"":[],""input"":{""channels"":""RGB"",""container"":""borrowed-buffer"",""contiguous"":true,""dtype"":""uint8"",""layout"":""HWC"",""ownership"":""caller""},""mode"":""staged-fresh"",""optimizations"":[],""output"":{""channels"":""RGB"",""container"":""owned-buffer"",""contiguous"":true,""dtype"":""uint8"",""layout"":""HWC"",""ownership"":""result""},""output_dtype"":""uint8"",""output_layout"":""HWC"",""passes"":1,""pixel_passes"":1,""python_boundary"":{""crossings_per_call"":1,""gil"":""held-during-augmentation"",""input"":""NumPy HWC RGB uint8"",""input_access"":""read-only-borrow"",""output"":""owned contiguous NumPy array""},""sampling"":""native-plan-before-execution"",""schema_version"":2,""steps"":[{""allocation"":""none"",""category"":""color"",""execution"":""in-place"",""fallback"":""runtime-avx2-or-scalar"",""input_materialization"":""owned-input-copy"",""kernel_form"":""owned-in-place"",""name"":""Posterize"",""output_slot"":""working-u8"",""pixel_passes"":1,""policies"":[{""name"":""bits"",""value"":""4""}],""probability"":1.0,""scratch_slots"":[],""selection_reason"":""semantic-legality:owned-in-place"",""status"":""always""}],""transforms"":[""Posterize""],""unit_specializations"":[]}",10705.377311023327,layer1_transform,0.094321,0.093411,0.08989549999999999,0.105141,3,4.737664728993388,1024,Posterize,True,staged-fresh
rust,,"{""buffers"":[{""condition"":""always"",""dtype"":""uint8"",""layout"":""HWC"",""lifecycle"":""borrowed-for-call"",""name"":""input""},{""condition"":""always"",""dtype"":""uint8"",""layout"":""HWC"",""lifecycle"":""owned-per-run-workspace-reusable"",""name"":""working-u8""}],""copies"":[{""condition"":""non-contiguous-input"",""count"":""0-or-1"",""reason"":""normalize-to-contiguous-HWC"",""stage"":""python-entry""},{""condition"":""always"",""count"":""1"",""reason"":""establish-owned-working-buffer"",""stage"":""native-entry""},{""condition"":""always"",""count"":""0"",""reason"":""transfer-Rust-Vec-ownership-to-NumPy-storage"",""stage"":""python-output""}],""fallbacks"":[""runtime-avx2-or-scalar""],""fusions"":[],""input"":{""channels"":""RGB"",""container"":""borrowed-buffer"",""contiguous"":true,""dtype"":""uint8"",""layout"":""HWC"",""ownership"":""caller""},""mode"":""staged-fresh"",""optimizations"":[],""output"":{""channels"":""RGB"",""container"":""owned-buffer"",""contiguous"":true,""dtype"":""uint8"",""layout"":""HWC"",""ownership"":""result""},""output_dtype"":""uint8"",""output_layout"":""HWC"",""passes"":1,""pixel_passes"":1,""python_boundary"":{""crossings_per_call"":1,""gil"":""held-during-augmentation"",""input"":""NumPy HWC RGB uint8"",""input_access"":""read-only-borrow"",""output"":""owned contiguous NumPy array""},""sampling"":""native-plan-before-execution"",""schema_version"":2,""steps"":[{""allocation"":""none"",""category"":""color"",""execution"":""in-place"",""fallback"":""runtime-avx2-or-scalar"",""input_materialization"":""owned-input-copy"",""kernel_form"":""owned-in-place"",""name"":""Posterize"",""output_slot"":""working-u8"",""pixel_passes"":1,""policies"":[{""name"":""bits"",""value"":""4""}],""probability"":1.0,""scratch_slots"":[],""selection_reason"":""semantic-legality:owned-in-place"",""status"":""always""}],""transforms"":[""Posterize""],""unit_specializations"":[]}",311526.4797507788,layer1_transform,0.003225,0.00321,0.00317,0.00382,3,1.7133956386292812,224,Posterize,True,staged-fresh
rust,,"{""buffers"":[{""condition"":""always"",""dtype"":""uint8"",""layout"":""HWC"",""lifecycle"":""borrowed-for-call"",""name"":""input""},{""condition"":""always"",""dtype"":""uint8"",""layout"":""HWC"",""lifecycle"":""owned-per-run-workspace-reusable"",""name"":""working-u8""}],""copies"":[{""condition"":""non-contiguous-input"",""count"":""0-or-1"",""reason"":""normalize-to-contiguous-HWC"",""stage"":""python-entry""},{""condition"":""always"",""count"":""1"",""reason"":""establish-owned-working-buffer"",""stage"":""native-entry""},{""condition"":""always"",""count"":""0"",""reason"":""transfer-Rust-Vec-ownership-to-NumPy-storage"",""stage"":""python-output""}],""fallbacks"":[""runtime-avx2-or-scalar""],""fusions"":[],""input"":{""channels"":""RGB"",""container"":""borrowed-buffer"",""contiguous"":true,""dtype"":""uint8"",""layout"":""HWC"",""ownership"":""caller""},""mode"":""staged-fresh"",""optimizations"":[],""output"":{""channels"":""RGB"",""container"":""owned-buffer"",""contiguous"":true,""dtype"":""uint8"",""layout"":""HWC"",""ownership"":""result""},""output_dtype"":""uint8"",""output_layout"":""HWC"",""passes"":1,""pixel_passes"":1,""python_boundary"":{""crossings_per_call"":1,""gil"":""held-during-augmentation"",""input"":""NumPy HWC RGB uint8"",""input_access"":""read-only-borrow"",""output"":""owned contiguous NumPy array""},""sampling"":""native-plan-before-execution"",""schema_version"":2,""steps"":[{""allocation"":""none"",""category"":""color"",""execution"":""in-place"",""fallback"":""runtime-avx2-or-scalar"",""input_materialization"":""owned-input-copy"",""kernel_form"":""owned-in-place"",""name"":""Posterize"",""output_slot"":""working-u8"",""pixel_passes"":1,""policies"":[{""name"":""bits"",""value"":""4""}],""probability"":1.0,""scratch_slots"":[],""selection_reason"":""semantic-legality:owned-in-place"",""status"":""always""}],""transforms"":[""Posterize""],""unit_specializations"":[]}",58137.844830092145,layer1_transform,0.019821,0.0172005,0.01686,0.02011,3,17.214615854190274,512,Posterize,True,staged-fresh
rust,,"{""buffers"":[{""condition"":""always"",""dtype"":""uint8"",""layout"":""HWC"",""lifecycle"":""borrowed-for-call"",""name"":""input""},{""condition"":""always"",""dtype"":""uint8"",""layout"":""HWC"",""lifecycle"":""owned-per-run-workspace-reusable"",""name"":""working-u8""},{""condition"":""out-of-place-step-applied"",""dtype"":""uint8"",""layout"":""HWC"",""lifecycle"":""owned-per-run-workspace-reusable"",""name"":""scratch-u8""}],""copies"":[{""condition"":""non-contiguous-input"",""count"":""0-or-1"",""reason"":""normalize-to-contiguous-HWC"",""stage"":""python-entry""},{""condition"":""always"",""count"":""1"",""reason"":""establish-owned-working-buffer"",""stage"":""native-entry""},{""condition"":""always"",""count"":""0"",""reason"":""transfer-Rust-Vec-ownership-to-NumPy-storage"",""stage"":""python-output""}],""fallbacks"":[""portable-scalar""],""fusions"":[],""input"":{""channels"":""RGB"",""container"":""borrowed-buffer"",""contiguous"":true,""dtype"":""uint8"",""layout"":""HWC"",""ownership"":""caller""},""mode"":""staged-fresh"",""optimizations"":[],""output"":{""channels"":""RGB"",""container"":""owned-buffer"",""contiguous"":true,""dtype"":""uint8"",""layout"":""HWC"",""ownership"":""result""},""output_dtype"":""uint8"",""output_layout"":""HWC"",""passes"":1,""pixel_passes"":1,""python_boundary"":{""crossings_per_call"":1,""gil"":""held-during-augmentation"",""input"":""NumPy HWC RGB uint8"",""input_access"":""read-only-borrow"",""output"":""owned contiguous NumPy array""},""sampling"":""native-plan-before-execution"",""schema_version"":2,""steps"":[{""allocation"":""workspace-u8"",""category"":""geometry"",""execution"":""out-of-place"",""fallback"":""portable-scalar"",""input_materialization"":""owned-input-copy"",""kernel_form"":""owned-to-owned"",""name"":""RandomCrop"",""output_slot"":""scratch-u8"",""pixel_passes"":1,""policies"":[{""name"":""size"",""value"":""768x768""},{""name"":""origin"",""value"":""uniform-inclusive""}],""probability"":1.0,""scratch_slots"":[],""selection_reason"":""semantic-legality:owned-to-owned"",""status"":""always""}],""transforms"":[""RandomCrop""],""unit_specializations"":[]}",10536.797129776462,layer1_transform,0.09754099999999999,0.0949055,0.083756,0.113331,3,14.524974843396842,1024,RandomCrop,True,staged-fresh
rust,,"{""buffers"":[{""condition"":""always"",""dtype"":""uint8"",""layout"":""HWC"",""lifecycle"":""borrowed-for-call"",""name"":""input""},{""condition"":""always"",""dtype"":""uint8"",""layout"":""HWC"",""lifecycle"":""owned-per-run-workspace-reusable"",""name"":""working-u8""},{""condition"":""out-of-place-step-applied"",""dtype"":""uint8"",""layout"":""HWC"",""lifecycle"":""owned-per-run-workspace-reusable"",""name"":""scratch-u8""}],""copies"":[{""condition"":""non-contiguous-input"",""count"":""0-or-1"",""reason"":""normalize-to-contiguous-HWC"",""stage"":""python-entry""},{""condition"":""always"",""count"":""1"",""reason"":""establish-owned-working-buffer"",""stage"":""native-entry""},{""condition"":""always"",""count"":""0"",""reason"":""transfer-Rust-Vec-ownership-to-NumPy-storage"",""stage"":""python-output""}],""fallbacks"":[""portable-scalar""],""fusions"":[],""input"":{""channels"":""RGB"",""container"":""borrowed-buffer"",""contiguous"":true,""dtype"":""uint8"",""layout"":""HWC"",""ownership"":""caller""},""mode"":""staged-fresh"",""optimizations"":[],""output"":{""channels"":""RGB"",""container"":""owned-buffer"",""contiguous"":true,""dtype"":""uint8"",""layout"":""HWC"",""ownership"":""result""},""output_dtype"":""uint8"",""output_layout"":""HWC"",""passes"":1,""pixel_passes"":1,""python_boundary"":{""crossings_per_call"":1,""gil"":""held-during-augmentation"",""input"":""NumPy HWC RGB uint8"",""input_access"":""read-only-borrow"",""output"":""owned contiguous NumPy array""},""sampling"":""native-plan-before-execution"",""schema_version"":2,""steps"":[{""allocation"":""workspace-u8"",""category"":""geometry"",""execution"":""out-of-place"",""fallback"":""portable-scalar"",""input_materialization"":""owned-input-copy"",""kernel_form"":""owned-to-owned"",""name"":""RandomCrop"",""output_slot"":""scratch-u8"",""pixel_passes"":1,""policies"":[{""name"":""size"",""value"":""168x168""},{""name"":""origin"",""value"":""uniform-inclusive""}],""probability"":1.0,""scratch_slots"":[],""selection_reason"":""semantic-legality:owned-to-owned"",""status"":""always""}],""transforms"":[""RandomCrop""],""unit_specializations"":[]}",288600.28860028856,layer1_transform,0.003515,0.003465,0.00344,0.0037,3,2.1645021645021636,224,RandomCrop,True,staged-fresh
rust,,"{""buffers"":[{""condition"":""always"",""dtype"":""uint8"",""layout"":""HWC"",""lifecycle"":""borrowed-for-call"",""name"":""input""},{""condition"":""always"",""dtype"":""uint8"",""layout"":""HWC"",""lifecycle"":""owned-per-run-workspace-reusable"",""name"":""working-u8""},{""condition"":""out-of-place-step-applied"",""dtype"":""uint8"",""layout"":""HWC"",""lifecycle"":""owned-per-run-workspace-reusable"",""name"":""scratch-u8""}],""copies"":[{""condition"":""non-contiguous-input"",""count"":""0-or-1"",""reason"":""normalize-to-contiguous-HWC"",""stage"":""python-entry""},{""condition"":""always"",""count"":""1"",""reason"":""establish-owned-working-buffer"",""stage"":""native-entry""},{""condition"":""always"",""count"":""0"",""reason"":""transfer-Rust-Vec-ownership-to-NumPy-storage"",""stage"":""python-output""}],""fallbacks"":[""portable-scalar""],""fusions"":[],""input"":{""channels"":""RGB"",""container"":""borrowed-buffer"",""contiguous"":true,""dtype"":""uint8"",""layout"":""HWC"",""ownership"":""caller""},""mode"":""staged-fresh"",""optimizations"":[],""output"":{""channels"":""RGB"",""container"":""owned-buffer"",""contiguous"":true,""dtype"":""uint8"",""layout"":""HWC"",""ownership"":""result""},""output_dtype"":""uint8"",""output_layout"":""HWC"",""passes"":1,""pixel_passes"":1,""python_boundary"":{""crossings_per_call"":1,""gil"":""held-during-augmentation"",""input"":""NumPy HWC RGB uint8"",""input_access"":""read-only-borrow"",""output"":""owned contiguous NumPy array""},""sampling"":""native-plan-before-execution"",""schema_version"":2,""steps"":[{""allocation"":""workspace-u8"",""category"":""geometry"",""execution"":""out-of-place"",""fallback"":""portable-scalar"",""input_materialization"":""owned-input-copy"",""kernel_form"":""owned-to-owned"",""name"":""RandomCrop"",""output_slot"":""scratch-u8"",""pixel_passes"":1,""policies"":[{""name"":""size"",""value"":""384x384""},{""name"":""origin"",""value"":""uniform-inclusive""}],""probability"":1.0,""scratch_slots"":[],""selection_reason"":""semantic-legality:owned-to-owned"",""status"":""always""}],""transforms"":[""RandomCrop""],""unit_specializations"":[]}",51071.21881463701,layer1_transform,0.01963,0.0195805,0.019395000000000003,0.02065,3,1.200173642143965,512,RandomCrop,True,staged-fresh
rust,,"{""buffers"":[{""condition"":""always"",""dtype"":""uint8"",""layout"":""HWC"",""lifecycle"":""borrowed-for-call"",""name"":""input""},{""condition"":""always"",""dtype"":""uint8"",""layout"":""HWC"",""lifecycle"":""owned-per-run-workspace-reusable"",""name"":""working-u8""},{""condition"":""out-of-place-step-applied"",""dtype"":""uint8"",""layout"":""HWC"",""lifecycle"":""owned-per-run-workspace-reusable"",""name"":""scratch-u8""}],""copies"":[{""condition"":""non-contiguous-input"",""count"":""0-or-1"",""reason"":""normalize-to-contiguous-HWC"",""stage"":""python-entry""},{""condition"":""always"",""count"":""1"",""reason"":""establish-owned-working-buffer"",""stage"":""native-entry""},{""condition"":""always"",""count"":""0"",""reason"":""transfer-Rust-Vec-ownership-to-NumPy-storage"",""stage"":""python-output""}],""fallbacks"":[""portable""],""fusions"":[],""input"":{""channels"":""RGB"",""container"":""borrowed-buffer"",""contiguous"":true,""dtype"":""uint8"",""layout"":""HWC"",""ownership"":""caller""},""mode"":""staged-fresh"",""optimizations"":[],""output"":{""channels"":""RGB"",""container"":""owned-buffer"",""contiguous"":true,""dtype"":""uint8"",""layout"":""HWC"",""ownership"":""result""},""output_dtype"":""uint8"",""output_layout"":""HWC"",""passes"":1,""pixel_passes"":1,""python_boundary"":{""crossings_per_call"":1,""gil"":""held-during-augmentation"",""input"":""NumPy HWC RGB uint8"",""input_access"":""read-only-borrow"",""output"":""owned contiguous NumPy array""},""sampling"":""native-plan-before-execution"",""schema_version"":2,""steps"":[{""allocation"":""workspace-u8"",""category"":""geometry"",""execution"":""out-of-place"",""fallback"":""portable"",""input_materialization"":""owned-input-copy"",""kernel_form"":""owned-to-owned"",""name"":""Resize"",""output_slot"":""scratch-u8"",""pixel_passes"":1,""policies"":[{""name"":""size"",""value"":""768x768""},{""name"":""interpolation"",""value"":""bilinear""},{""name"":""antialias"",""value"":""false""}],""probability"":1.0,""scratch_slots"":[],""selection_reason"":""semantic-legality:owned-to-owned"",""status"":""always""}],""transforms"":[""Resize""],""unit_specializations"":[]}",1638.55721759876,layer1_transform,0.6117235,0.610293,0.6097435,0.631664,3,0.3244343290845515,1024,Resize,True,staged-fresh
rust,,"{""buffers"":[{""condition"":""always"",""dtype"":""uint8"",""layout"":""HWC"",""lifecycle"":""borrowed-for-call"",""name"":""input""},{""condition"":""always"",""dtype"":""uint8"",""layout"":""HWC"",""lifecycle"":""owned-per-run-workspace-reusable"",""name"":""working-u8""},{""condition"":""out-of-place-step-applied"",""dtype"":""uint8"",""layout"":""HWC"",""lifecycle"":""owned-per-run-workspace-reusable"",""name"":""scratch-u8""}],""copies"":[{""condition"":""non-contiguous-input"",""count"":""0-or-1"",""reason"":""normalize-to-contiguous-HWC"",""stage"":""python-entry""},{""condition"":""always"",""count"":""1"",""reason"":""establish-owned-working-buffer"",""stage"":""native-entry""},{""condition"":""always"",""count"":""0"",""reason"":""transfer-Rust-Vec-ownership-to-NumPy-storage"",""stage"":""python-output""}],""fallbacks"":[""portable""],""fusions"":[],""input"":{""channels"":""RGB"",""container"":""borrowed-buffer"",""contiguous"":true,""dtype"":""uint8"",""layout"":""HWC"",""ownership"":""caller""},""mode"":""staged-fresh"",""optimizations"":[],""output"":{""channels"":""RGB"",""container"":""owned-buffer"",""contiguous"":true,""dtype"":""uint8"",""layout"":""HWC"",""ownership"":""result""},""output_dtype"":""uint8"",""output_layout"":""HWC"",""passes"":1,""pixel_passes"":1,""python_boundary"":{""crossings_per_call"":1,""gil"":""held-during-augmentation"",""input"":""NumPy HWC RGB uint8"",""input_access"":""read-only-borrow"",""output"":""owned contiguous NumPy array""},""sampling"":""native-plan-before-execution"",""schema_version"":2,""steps"":[{""allocation"":""workspace-u8"",""category"":""geometry"",""execution"":""out-of-place"",""fallback"":""portable"",""input_materialization"":""owned-input-copy"",""kernel_form"":""owned-to-owned"",""name"":""Resize"",""output_slot"":""scratch-u8"",""pixel_passes"":1,""policies"":[{""name"":""size"",""value"":""168x168""},{""name"":""interpolation"",""value"":""bilinear""},{""name"":""antialias"",""value"":""false""}],""probability"":1.0,""scratch_slots"":[],""selection_reason"":""semantic-legality:owned-to-owned"",""status"":""always""}],""transforms"":[""Resize""],""unit_specializations"":[]}",27948.574622694243,layer1_transform,0.03598,0.03578,0.03556,0.03898,3,1.173840134153149,224,Resize,True,staged-fresh
rust,,"{""buffers"":[{""condition"":""always"",""dtype"":""uint8"",""layout"":""HWC"",""lifecycle"":""borrowed-for-call"",""name"":""input""},{""condition"":""always"",""dtype"":""uint8"",""layout"":""HWC"",""lifecycle"":""owned-per-run-workspace-reusable"",""name"":""working-u8""},{""condition"":""out-of-place-step-applied"",""dtype"":""uint8"",""layout"":""HWC"",""lifecycle"":""owned-per-run-workspace-reusable"",""name"":""scratch-u8""}],""copies"":[{""condition"":""non-contiguous-input"",""count"":""0-or-1"",""reason"":""normalize-to-contiguous-HWC"",""stage"":""python-entry""},{""condition"":""always"",""count"":""1"",""reason"":""establish-owned-working-buffer"",""stage"":""native-entry""},{""condition"":""always"",""count"":""0"",""reason"":""transfer-Rust-Vec-ownership-to-NumPy-storage"",""stage"":""python-output""}],""fallbacks"":[""portable""],""fusions"":[],""input"":{""channels"":""RGB"",""container"":""borrowed-buffer"",""contiguous"":true,""dtype"":""uint8"",""layout"":""HWC"",""ownership"":""caller""},""mode"":""staged-fresh"",""optimizations"":[],""output"":{""channels"":""RGB"",""container"":""owned-buffer"",""contiguous"":true,""dtype"":""uint8"",""layout"":""HWC"",""ownership"":""result""},""output_dtype"":""uint8"",""output_layout"":""HWC"",""passes"":1,""pixel_passes"":1,""python_boundary"":{""crossings_per_call"":1,""gil"":""held-during-augmentation"",""input"":""NumPy HWC RGB uint8"",""input_access"":""read-only-borrow"",""output"":""owned contiguous NumPy array""},""sampling"":""native-plan-before-execution"",""schema_version"":2,""steps"":[{""allocation"":""workspace-u8"",""category"":""geometry"",""execution"":""out-of-place"",""fallback"":""portable"",""input_materialization"":""owned-input-copy"",""kernel_form"":""owned-to-owned"",""name"":""Resize"",""output_slot"":""scratch-u8"",""pixel_passes"":1,""policies"":[{""name"":""size"",""value"":""384x384""},{""name"":""interpolation"",""value"":""bilinear""},{""name"":""antialias"",""value"":""false""}],""probability"":1.0,""scratch_slots"":[],""selection_reason"":""semantic-legality:owned-to-owned"",""status"":""always""}],""transforms"":[""Resize""],""unit_specializations"":[]}",6364.521610733129,layer1_transform,0.1578205,0.157121,0.156316,0.182071,3,0.957542276334794,512,Resize,True,staged-fresh
rust,,"{""buffers"":[{""condition"":""always"",""dtype"":""uint8"",""layout"":""HWC"",""lifecycle"":""borrowed-for-call"",""name"":""input""},{""condition"":""always"",""dtype"":""uint8"",""layout"":""HWC"",""lifecycle"":""owned-per-run-workspace-reusable"",""name"":""working-u8""}],""copies"":[{""condition"":""non-contiguous-input"",""count"":""0-or-1"",""reason"":""normalize-to-contiguous-HWC"",""stage"":""python-entry""},{""condition"":""always"",""count"":""1"",""reason"":""establish-owned-working-buffer"",""stage"":""native-entry""},{""condition"":""always"",""count"":""0"",""reason"":""transfer-Rust-Vec-ownership-to-NumPy-storage"",""stage"":""python-output""}],""fallbacks"":[""runtime-avx2-or-scalar""],""fusions"":[],""input"":{""channels"":""RGB"",""container"":""borrowed-buffer"",""contiguous"":true,""dtype"":""uint8"",""layout"":""HWC"",""ownership"":""caller""},""mode"":""staged-fresh"",""optimizations"":[],""output"":{""channels"":""RGB"",""container"":""owned-buffer"",""contiguous"":true,""dtype"":""uint8"",""layout"":""HWC"",""ownership"":""result""},""output_dtype"":""uint8"",""output_layout"":""HWC"",""passes"":1,""pixel_passes"":1,""python_boundary"":{""crossings_per_call"":1,""gil"":""held-during-augmentation"",""input"":""NumPy HWC RGB uint8"",""input_access"":""read-only-borrow"",""output"":""owned contiguous NumPy array""},""sampling"":""native-plan-before-execution"",""schema_version"":2,""steps"":[{""allocation"":""none"",""category"":""color"",""execution"":""in-place"",""fallback"":""runtime-avx2-or-scalar"",""input_materialization"":""owned-input-copy"",""kernel_form"":""owned-in-place"",""name"":""Solarize"",""output_slot"":""working-u8"",""pixel_passes"":1,""policies"":[{""name"":""threshold"",""value"":""128""},{""name"":""comparison"",""value"":""at-or-above""}],""probability"":1.0,""scratch_slots"":[],""selection_reason"":""semantic-legality:owned-in-place"",""status"":""always""}],""transforms"":[""Solarize""],""unit_specializations"":[]}",11199.399712175427,layer1_transform,0.089671,0.0892905,0.0867555,0.115321,3,3.2651849860847473,1024,Solarize,True,staged-fresh
rust,,"{""buffers"":[{""condition"":""always"",""dtype"":""uint8"",""layout"":""HWC"",""lifecycle"":""borrowed-for-call"",""name"":""input""},{""condition"":""always"",""dtype"":""uint8"",""layout"":""HWC"",""lifecycle"":""owned-per-run-workspace-reusable"",""name"":""working-u8""}],""copies"":[{""condition"":""non-contiguous-input"",""count"":""0-or-1"",""reason"":""normalize-to-contiguous-HWC"",""stage"":""python-entry""},{""condition"":""always"",""count"":""1"",""reason"":""establish-owned-working-buffer"",""stage"":""native-entry""},{""condition"":""always"",""count"":""0"",""reason"":""transfer-Rust-Vec-ownership-to-NumPy-storage"",""stage"":""python-output""}],""fallbacks"":[""runtime-avx2-or-scalar""],""fusions"":[],""input"":{""channels"":""RGB"",""container"":""borrowed-buffer"",""contiguous"":true,""dtype"":""uint8"",""layout"":""HWC"",""ownership"":""caller""},""mode"":""staged-fresh"",""optimizations"":[],""output"":{""channels"":""RGB"",""container"":""owned-buffer"",""contiguous"":true,""dtype"":""uint8"",""layout"":""HWC"",""ownership"":""result""},""output_dtype"":""uint8"",""output_layout"":""HWC"",""passes"":1,""pixel_passes"":1,""python_boundary"":{""crossings_per_call"":1,""gil"":""held-during-augmentation"",""input"":""NumPy HWC RGB uint8"",""input_access"":""read-only-borrow"",""output"":""owned contiguous NumPy array""},""sampling"":""native-plan-before-execution"",""schema_version"":2,""steps"":[{""allocation"":""none"",""category"":""color"",""execution"":""in-place"",""fallback"":""runtime-avx2-or-scalar"",""input_materialization"":""owned-input-copy"",""kernel_form"":""owned-in-place"",""name"":""Solarize"",""output_slot"":""working-u8"",""pixel_passes"":1,""policies"":[{""name"":""threshold"",""value"":""128""},{""name"":""comparison"",""value"":""at-or-above""}],""probability"":1.0,""scratch_slots"":[],""selection_reason"":""semantic-legality:owned-in-place"",""status"":""always""}],""transforms"":[""Solarize""],""unit_specializations"":[]}",303951.36778115504,layer1_transform,0.003295,0.00329,0.00323,0.00354,3,1.9756838905775194,224,Solarize,True,staged-fresh
rust,,"{""buffers"":[{""condition"":""always"",""dtype"":""uint8"",""layout"":""HWC"",""lifecycle"":""borrowed-for-call"",""name"":""input""},{""condition"":""always"",""dtype"":""uint8"",""layout"":""HWC"",""lifecycle"":""owned-per-run-workspace-reusable"",""name"":""working-u8""}],""copies"":[{""condition"":""non-contiguous-input"",""count"":""0-or-1"",""reason"":""normalize-to-contiguous-HWC"",""stage"":""python-entry""},{""condition"":""always"",""count"":""1"",""reason"":""establish-owned-working-buffer"",""stage"":""native-entry""},{""condition"":""always"",""count"":""0"",""reason"":""transfer-Rust-Vec-ownership-to-NumPy-storage"",""stage"":""python-output""}],""fallbacks"":[""runtime-avx2-or-scalar""],""fusions"":[],""input"":{""channels"":""RGB"",""container"":""borrowed-buffer"",""contiguous"":true,""dtype"":""uint8"",""layout"":""HWC"",""ownership"":""caller""},""mode"":""staged-fresh"",""optimizations"":[],""output"":{""channels"":""RGB"",""container"":""owned-buffer"",""contiguous"":true,""dtype"":""uint8"",""layout"":""HWC"",""ownership"":""result""},""output_dtype"":""uint8"",""output_layout"":""HWC"",""passes"":1,""pixel_passes"":1,""python_boundary"":{""crossings_per_call"":1,""gil"":""held-during-augmentation"",""input"":""NumPy HWC RGB uint8"",""input_access"":""read-only-borrow"",""output"":""owned contiguous NumPy array""},""sampling"":""native-plan-before-execution"",""schema_version"":2,""steps"":[{""allocation"":""none"",""category"":""color"",""execution"":""in-place"",""fallback"":""runtime-avx2-or-scalar"",""input_materialization"":""owned-input-copy"",""kernel_form"":""owned-in-place"",""name"":""Solarize"",""output_slot"":""working-u8"",""pixel_passes"":1,""policies"":[{""name"":""threshold"",""value"":""128""},{""name"":""comparison"",""value"":""at-or-above""}],""probability"":1.0,""scratch_slots"":[],""selection_reason"":""semantic-legality:owned-in-place"",""status"":""always""}],""transforms"":[""Solarize""],""unit_specializations"":[]}",57061.34094151213,layer1_transform,0.01753,0.017525,0.0174,0.0179,3,0.741797432239667,512,Solarize,True,staged-fresh
rust,,"{""buffers"":[{""condition"":""always"",""dtype"":""uint8"",""layout"":""HWC"",""lifecycle"":""borrowed-for-call"",""name"":""input""},{""condition"":""always"",""dtype"":""uint8"",""layout"":""HWC"",""lifecycle"":""owned-per-run-workspace-reusable"",""name"":""working-u8""}],""copies"":[{""condition"":""non-contiguous-input"",""count"":""0-or-1"",""reason"":""normalize-to-contiguous-HWC"",""stage"":""python-entry""},{""condition"":""always"",""count"":""1"",""reason"":""establish-owned-working-buffer"",""stage"":""native-entry""},{""condition"":""always"",""count"":""0"",""reason"":""transfer-Rust-Vec-ownership-to-NumPy-storage"",""stage"":""python-output""}],""fallbacks"":[""portable-scalar""],""fusions"":[],""input"":{""channels"":""RGB"",""container"":""borrowed-buffer"",""contiguous"":true,""dtype"":""uint8"",""layout"":""HWC"",""ownership"":""caller""},""mode"":""staged-fresh"",""optimizations"":[],""output"":{""channels"":""RGB"",""container"":""owned-buffer"",""contiguous"":true,""dtype"":""uint8"",""layout"":""HWC"",""ownership"":""result""},""output_dtype"":""uint8"",""output_layout"":""HWC"",""passes"":1,""pixel_passes"":1,""python_boundary"":{""crossings_per_call"":1,""gil"":""held-during-augmentation"",""input"":""NumPy HWC RGB uint8"",""input_access"":""read-only-borrow"",""output"":""owned contiguous NumPy array""},""sampling"":""native-plan-before-execution"",""schema_version"":2,""steps"":[{""allocation"":""none"",""category"":""geometry"",""execution"":""in-place"",""fallback"":""portable-scalar"",""input_materialization"":""owned-input-copy"",""kernel_form"":""owned-in-place"",""name"":""VerticalFlip"",""output_slot"":""working-u8"",""pixel_passes"":1,""policies"":[],""probability"":1.0,""scratch_slots"":[],""selection_reason"":""semantic-legality:owned-in-place"",""status"":""always""}],""transforms"":[""VerticalFlip""],""unit_specializations"":[]}",9574.325488769317,layer1_transform,0.105736,0.104446,0.102135,0.123881,3,3.4477146085058243,1024,VerticalFlip,True,staged-fresh
rust,,"{""buffers"":[{""condition"":""always"",""dtype"":""uint8"",""layout"":""HWC"",""lifecycle"":""borrowed-for-call"",""name"":""input""},{""condition"":""always"",""dtype"":""uint8"",""layout"":""HWC"",""lifecycle"":""owned-per-run-workspace-reusable"",""name"":""working-u8""}],""copies"":[{""condition"":""non-contiguous-input"",""count"":""0-or-1"",""reason"":""normalize-to-contiguous-HWC"",""stage"":""python-entry""},{""condition"":""always"",""count"":""1"",""reason"":""establish-owned-working-buffer"",""stage"":""native-entry""},{""condition"":""always"",""count"":""0"",""reason"":""transfer-Rust-Vec-ownership-to-NumPy-storage"",""stage"":""python-output""}],""fallbacks"":[""portable-scalar""],""fusions"":[],""input"":{""channels"":""RGB"",""container"":""borrowed-buffer"",""contiguous"":true,""dtype"":""uint8"",""layout"":""HWC"",""ownership"":""caller""},""mode"":""staged-fresh"",""optimizations"":[],""output"":{""channels"":""RGB"",""container"":""owned-buffer"",""contiguous"":true,""dtype"":""uint8"",""layout"":""HWC"",""ownership"":""result""},""output_dtype"":""uint8"",""output_layout"":""HWC"",""passes"":1,""pixel_passes"":1,""python_boundary"":{""crossings_per_call"":1,""gil"":""held-during-augmentation"",""input"":""NumPy HWC RGB uint8"",""input_access"":""read-only-borrow"",""output"":""owned contiguous NumPy array""},""sampling"":""native-plan-before-execution"",""schema_version"":2,""steps"":[{""allocation"":""none"",""category"":""geometry"",""execution"":""in-place"",""fallback"":""portable-scalar"",""input_materialization"":""owned-input-copy"",""kernel_form"":""owned-in-place"",""name"":""VerticalFlip"",""output_slot"":""working-u8"",""pixel_passes"":1,""policies"":[],""probability"":1.0,""scratch_slots"":[],""selection_reason"":""semantic-legality:owned-in-place"",""status"":""always""}],""transforms"":[""VerticalFlip""],""unit_specializations"":[]}",237529.69121140143,layer1_transform,0.00421,0.00421,0.0041805,0.00435,3,0.7007125890736344,224,VerticalFlip,True,staged-fresh
rust,,"{""buffers"":[{""condition"":""always"",""dtype"":""uint8"",""layout"":""HWC"",""lifecycle"":""borrowed-for-call"",""name"":""input""},{""condition"":""always"",""dtype"":""uint8"",""layout"":""HWC"",""lifecycle"":""owned-per-run-workspace-reusable"",""name"":""working-u8""}],""copies"":[{""condition"":""non-contiguous-input"",""count"":""0-or-1"",""reason"":""normalize-to-contiguous-HWC"",""stage"":""python-entry""},{""condition"":""always"",""count"":""1"",""reason"":""establish-owned-working-buffer"",""stage"":""native-entry""},{""condition"":""always"",""count"":""0"",""reason"":""transfer-Rust-Vec-ownership-to-NumPy-storage"",""stage"":""python-output""}],""fallbacks"":[""portable-scalar""],""fusions"":[],""input"":{""channels"":""RGB"",""container"":""borrowed-buffer"",""contiguous"":true,""dtype"":""uint8"",""layout"":""HWC"",""ownership"":""caller""},""mode"":""staged-fresh"",""optimizations"":[],""output"":{""channels"":""RGB"",""container"":""owned-buffer"",""contiguous"":true,""dtype"":""uint8"",""layout"":""HWC"",""ownership"":""result""},""output_dtype"":""uint8"",""output_layout"":""HWC"",""passes"":1,""pixel_passes"":1,""python_boundary"":{""crossings_per_call"":1,""gil"":""held-during-augmentation"",""input"":""NumPy HWC RGB uint8"",""input_access"":""read-only-borrow"",""output"":""owned contiguous NumPy array""},""sampling"":""native-plan-before-execution"",""schema_version"":2,""steps"":[{""allocation"":""none"",""category"":""geometry"",""execution"":""in-place"",""fallback"":""portable-scalar"",""input_materialization"":""owned-input-copy"",""kernel_form"":""owned-in-place"",""name"":""VerticalFlip"",""output_slot"":""working-u8"",""pixel_passes"":1,""policies"":[],""probability"":1.0,""scratch_slots"":[],""selection_reason"":""semantic-legality:owned-in-place"",""status"":""always""}],""transforms"":[""VerticalFlip""],""unit_specializations"":[]}",44553.35263978614,layer1_transform,0.022720499999999998,0.022445,0.0223355,0.026151,3,1.7153040766317507,512,VerticalFlip,True,staged-fresh
torchvision,,,27.633261958459915,layer1_transform,36.757635,36.188272,24.917904,40.872265,3,32.71703882406985,1024,Affine,True,stock
torchvision,,,1728.6891523027004,layer1_transform,0.5786830000000001,0.578473,0.5752935,0.643714,3,0.585939188173008,224,Affine,True,stock
torchvision,,,363.70229294292074,layer1_transform,2.758816,2.7495015,2.7145460000000003,2.811217,3,1.610110050858295,512,Affine,True,stock
torchvision,,,26308.86608787161,layer1_transform,0.03803,0.03801,0.03723,0.05881,3,2.1047092870297344,1024,CenterCrop,True,stock
torchvision,,,137931.0344827586,layer1_transform,0.00749,0.00725,0.0072499999999999995,0.00926,3,3.3103448275862153,224,CenterCrop,True,stock
torchvision,,,73502.3888276369,layer1_transform,0.01511,0.013604999999999999,0.013005,0.01594,3,15.472252848217574,512,CenterCrop,True,stock
torchvision,,,146.27783968987342,layer1_transform,7.0494520000000005,6.8363055,6.6992945,7.218033,3,5.122028265120697,1024,ColorJitter,True,stock
torchvision,,,4101.874146297444,layer1_transform,0.24709199999999998,0.24379099999999998,0.242711,0.312942,3,1.797031063492897,224,ColorJitter,True,stock
torchvision,,,904.7960069542622,layer1_transform,1.117187,1.1052214999999999,1.100327,1.171287,3,1.525486067724875,512,ColorJitter,True,stock
torchvision,,,17.870009263812804,layer1_transform,57.376048999999995,55.95968,55.9360395,57.088412,3,2.5732983104978353,1024,GaussianBlur,True,stock
torchvision,,,386.1384035879981,layer1_transform,2.6336209999999998,2.5897449999999997,2.5794305,2.629996,3,2.0925033159635333,224,GaussianBlur,True,stock
torchvision,,,67.9047375301947,layer1_transform,14.989425,14.726513,14.580977,15.109141,3,2.7735554234732955,512,GaussianBlur,True,stock
torchvision,,,1714.5218284346586,layer1_transform,0.6281635000000001,0.583253,0.5732634999999999,0.655304,3,9.412724838106305,1024,Grayscale,True,stock
torchvision,,,26504.1081367612,layer1_transform,0.03819,0.03773,0.03719,0.05798,3,2.6504108136761224,224,Grayscale,True,stock
torchvision,,,6480.629398727205,layer1_transform,0.15473599999999998,0.154306,0.151091,0.209681,3,2.362189415836054,512,Grayscale,True,stock
torchvision,,,14323.466851916837,layer1_transform,0.074845,0.0698155,0.06625,0.0795,3,12.311019759222509,1024,HorizontalFlip,True,stock
torchvision,,,121506.68286755773,layer1_transform,0.00856,0.00823,0.008115,0.0117,3,5.407047387606309,224,HorizontalFlip,True,stock
torchvision,,,55216.58706275365,layer1_transform,0.01939,0.0181105,0.017884999999999998,0.02532,3,8.31009635294444,512,HorizontalFlip,True,stock
torchvision,,,14127.286854559581,layer1_transform,0.07118050000000001,0.070785,0.06582550000000001,0.094571,3,7.565162110616654,1024,Invert,True,stock
torchvision,,,128040.97311139565,layer1_transform,0.007945500000000001,0.00781,0.0076749999999999995,0.00839,3,3.463508322663273,224,Invert,True,stock
torchvision,,,57159.18833952558,layer1_transform,0.0176305,0.017495,0.017070000000000002,0.02374,3,3.2037725064304,512,Invert,True,stock
torchvision,,,579.1073696914312,layer1_transform,1.73762,1.7267955000000001,1.71978,1.854971,3,1.033127547529505,1024,Normalize,True,stock
torchvision,,,22185.000721012522,layer1_transform,0.045505500000000004,0.045075500000000004,0.0450305,0.08432,3,1.0537875342481018,224,Normalize,True,stock
torchvision,,,5886.473472607296,layer1_transform,0.17073100000000002,0.169881,0.1639655,0.218672,3,3.9824936278924867,512,Normalize,True,stock
torchvision,,,14537.947677926308,layer1_transform,0.0753755,0.0687855,0.06754550000000001,0.104521,3,11.383213031816283,1024,Posterize,True,stock
torchvision,,,110436.22308117061,layer1_transform,0.00916,0.009055,0.009,0.01076,3,1.7669795692987347,224,Posterize,True,stock
torchvision,,,52966.101694915254,layer1_transform,0.01891,0.01888,0.018584999999999997,0.03082,3,1.721398305084758,512,Posterize,True,stock
torchvision,,,21269.581308291945,layer1_transform,0.055625,0.0470155,0.0462505,0.07709,3,19.939168997458285,1024,RandomCrop,True,stock
torchvision,,,94517.95841209829,layer1_transform,0.010800500000000001,0.01058,0.0105705,0.0136,3,2.1739130434782705,224,RandomCrop,True,stock
torchvision,,,55447.74050457443,layer1_transform,0.01972,0.018035000000000002,0.0166605,0.02037,3,16.964236207374544,512,RandomCrop,True,stock
torchvision,,,744.1539267514406,layer1_transform,1.387934,1.3438080000000001,1.307948,1.445038,3,5.952189598514065,1024,Resize,True,stock
torchvision,,,12792.549619101834,layer1_transform,0.07938049999999999,0.0781705,0.07712,0.11109,3,2.891755841397968,224,Resize,True,stock
torchvision,,,2798.7528757185796,layer1_transform,0.358647,0.357302,0.347762,0.387442,3,3.0464425052196678,512,Resize,True,stock
torchvision,,,433.9450005088005,layer1_transform,2.382154,2.3044395,2.2972835,11.073545,3,3.6829129165682186,1024,Solarize,True,stock
torchvision,,,6972.747018279057,layer1_transform,0.14594600000000002,0.1434155,0.13630599999999998,0.575173,3,6.721728125621036,224,Solarize,True,stock
torchvision,,,1612.9578582500374,layer1_transform,0.6272435000000001,0.6199790000000001,0.6120435,2.819737,3,2.4516959445400732,512,Solarize,True,stock
torchvision,,,11200.654118200504,layer1_transform,0.1023055,0.0892805,0.079511,0.111091,3,25.53133102973213,1024,VerticalFlip,True,stock
torchvision,,,124836.15254977842,layer1_transform,0.0081905,0.0080105,0.00796,0.01341,3,2.8774733162723902,224,VerticalFlip,True,stock
torchvision,,,56116.72278338945,layer1_transform,0.018295,0.01782,0.017625500000000002,0.0184,3,3.757014590347904,512,VerticalFlip,True,stock
albumentations,crop_resize,,13214.316390377333,layer2_case,0.0765505,0.0756755,0.07478,0.105021,3,2.339594716916299,1024,,True,best-official
albumentations,crop_resize,,23364.21303489445,layer2_case,0.04297,0.042800500000000005,0.0424555,0.05753,3,1.2020887606453219,224,,True,best-official
albumentations,crop_resize,,29912.804175827463,layer2_case,0.033436,0.0334305,0.03318,0.04349,3,0.7657677869011809,512,,True,best-official
albumentations,full,,2285.779593702677,layer2_case,0.45923800000000004,0.43748750000000003,0.4288075,0.525923,3,6.9557415926169375,512,,True,best-official
albumentations,color_jitter,,954.3614796802127,layer2_case,1.0519215,1.047821,1.038596,1.098537,3,1.2717343897478557,1024,,True,stock
albumentations,color_jitter,,15734.279488006545,layer2_case,0.0640655,0.0635555,0.0630855,0.09879,3,1.541959389824633,224,,True,stock
albumentations,color_jitter,,3793.741843455037,layer2_case,0.26447149999999997,0.263592,0.26344650000000003,0.328462,3,0.3888585389541195,512,,True,stock
albumentations,crop_resize,,6045.3644145669095,layer2_case,0.16821599999999998,0.165416,0.139986,0.205761,3,17.066063742322374,1024,,True,stock
albumentations,crop_resize,,21609.707080420525,layer2_case,0.0463505,0.0462755,0.045880500000000005,0.06922,3,1.0156562327797607,224,,True,stock
albumentations,crop_resize,,21505.145105966603,layer2_case,0.0470605,0.0465005,0.04633,0.06511,3,1.5709508499908498,512,,True,stock
albumentations,full,,2163.647476916586,layer2_case,0.4788975,0.4621825,0.461828,0.553284,3,3.6932380607227575,512,,True,stock
albumentations,normalize,,593.9229800679448,layer2_case,1.6982205000000001,1.68372,1.6755300000000002,1.742061,3,1.3476409379231669,1024,,True,stock
albumentations,normalize,,11671.198982271448,layer2_case,0.086391,0.08568100000000001,0.0848005,0.105711,3,1.8563041981302677,224,,True,stock
albumentations,normalize,,2469.300422497302,layer2_case,0.407432,0.404973,0.4028975,0.439912,3,1.119704276581401,512,,True,stock
albumentationsx,crop_resize,,11751.502723410758,layer2_case,0.08642549999999999,0.08509549999999999,0.08250550000000001,0.13608,3,4.6065890675769925,1024,,True,best-official
albumentationsx,crop_resize,,23052.09774089442,layer2_case,0.0434955,0.04338,0.043186,0.0606,3,0.713462425080676,224,,True,best-official
albumentationsx,crop_resize,,29052.876234747237,layer2_case,0.034464999999999996,0.034420000000000006,0.0339905,0.05118,3,1.378558977338744,512,,True,best-official
albumentationsx,full,,1797.7091791929543,layer2_case,0.5636985000000001,0.5562635,0.5534535,0.625164,3,1.8417530540831926,512,,True,best-official
albumentationsx,color_jitter,,221.39996734350484,layer2_case,4.5198425,4.5167125,4.499832,5.058101,3,0.4430324046527336,1024,,True,stock
albumentationsx,color_jitter,,4711.29202472486,layer2_case,0.2133415,0.212256,0.212091,0.256371,3,0.589147067691838,224,,True,stock
albumentationsx,color_jitter,,983.6072023653785,layer2_case,1.021536,1.016666,1.0120909999999999,1.056176,3,0.9290170026341145,512,,True,stock
albumentationsx,crop_resize,,8243.30952390766,layer2_case,0.1295555,0.1213105,0.1201105,0.157191,3,7.785805845330779,1024,,True,stock
albumentationsx,crop_resize,,22185.000721012522,layer2_case,0.045079999999999995,0.045075500000000004,0.045026,0.061471,3,0.11979900389346428,224,,True,stock
albumentationsx,crop_resize,,27635.760674312565,layer2_case,0.036295,0.036184999999999995,0.035930000000000004,0.05049,3,1.008705264612401,512,,True,stock
albumentationsx,full,,1800.8835134516994,layer2_case,0.5688285,0.555283,0.552268,0.644654,3,2.9823531424516827,512,,True,stock
albumentationsx,normalize,,960.2582710645855,layer2_case,1.0541165000000001,1.0413865,1.0379559999999999,1.066386,3,1.551825378953947,1024,,True,stock
albumentationsx,normalize,,17904.942659421133,layer2_case,0.055945499999999995,0.0558505,0.055625499999999994,0.072311,3,0.5729581651014778,224,,True,stock
albumentationsx,normalize,,3839.9287309227543,layer2_case,0.2634415,0.2604215,0.2587165,0.291032,3,1.8143663253609936,512,,True,stock
rust,color_jitter,"{""buffers"":[{""condition"":""always"",""dtype"":""uint8"",""layout"":""HWC"",""lifecycle"":""borrowed-for-call"",""name"":""input""},{""condition"":""always"",""dtype"":""uint8"",""layout"":""HWC"",""lifecycle"":""owned-per-run-workspace-reusable"",""name"":""working-u8""}],""copies"":[{""condition"":""non-contiguous-input"",""count"":""0-or-1"",""reason"":""normalize-to-contiguous-HWC"",""stage"":""python-entry""},{""condition"":""always"",""count"":""1"",""reason"":""establish-owned-working-buffer"",""stage"":""native-entry""},{""condition"":""always"",""count"":""0"",""reason"":""transfer-Rust-Vec-ownership-to-NumPy-storage"",""stage"":""python-output""}],""fallbacks"":[""runtime-avx2-or-numeric-safety-scalar""],""fusions"":[],""input"":{""channels"":""RGB"",""container"":""borrowed-buffer"",""contiguous"":true,""dtype"":""uint8"",""layout"":""HWC"",""ownership"":""caller""},""mode"":""compiled"",""optimizations"":[],""output"":{""channels"":""RGB"",""container"":""owned-buffer"",""contiguous"":true,""dtype"":""uint8"",""layout"":""HWC"",""ownership"":""result""},""output_dtype"":""uint8"",""output_layout"":""HWC"",""passes"":1,""pixel_passes"":2,""python_boundary"":{""crossings_per_call"":1,""gil"":""held-during-augmentation"",""input"":""NumPy HWC RGB uint8"",""input_access"":""read-only-borrow"",""output"":""owned contiguous NumPy array""},""sampling"":""native-plan-before-execution"",""schema_version"":2,""steps"":[{""allocation"":""none"",""category"":""color"",""execution"":""in-place"",""fallback"":""runtime-avx2-or-numeric-safety-scalar"",""input_materialization"":""owned-input-copy"",""kernel_form"":""owned-in-place"",""name"":""ColorJitter"",""output_slot"":""working-u8"",""pixel_passes"":2,""policies"":[{""name"":""brightness"",""value"":""[0.8,1.2]""},{""name"":""contrast"",""value"":""[0.8,1.2]""},{""name"":""saturation"",""value"":""[0.8,1.2]""},{""name"":""hue"",""value"":""[0,0]""},{""name"":""order"",""value"":""uniform-random-permutation""}],""probability"":1.0,""scratch_slots"":[],""selection_reason"":""benchmark-policy:composed-color-matrix"",""status"":""always""}],""transforms"":[""ColorJitter""],""unit_specializations"":[""ColorJitter:composed-color-matrix""]}",958.8683818904282,layer2_case,1.0482215,1.042896,1.0414165,1.067506,3,0.6525099338764315,1024,,True,compiled
rust,color_jitter,"{""buffers"":[{""condition"":""always"",""dtype"":""uint8"",""layout"":""HWC"",""lifecycle"":""borrowed-for-call"",""name"":""input""},{""condition"":""always"",""dtype"":""uint8"",""layout"":""HWC"",""lifecycle"":""owned-per-run-workspace-reusable"",""name"":""working-u8""}],""copies"":[{""condition"":""non-contiguous-input"",""count"":""0-or-1"",""reason"":""normalize-to-contiguous-HWC"",""stage"":""python-entry""},{""condition"":""always"",""count"":""1"",""reason"":""establish-owned-working-buffer"",""stage"":""native-entry""},{""condition"":""always"",""count"":""0"",""reason"":""transfer-Rust-Vec-ownership-to-NumPy-storage"",""stage"":""python-output""}],""fallbacks"":[""runtime-avx2-or-numeric-safety-scalar""],""fusions"":[],""input"":{""channels"":""RGB"",""container"":""borrowed-buffer"",""contiguous"":true,""dtype"":""uint8"",""layout"":""HWC"",""ownership"":""caller""},""mode"":""compiled"",""optimizations"":[],""output"":{""channels"":""RGB"",""container"":""owned-buffer"",""contiguous"":true,""dtype"":""uint8"",""layout"":""HWC"",""ownership"":""result""},""output_dtype"":""uint8"",""output_layout"":""HWC"",""passes"":1,""pixel_passes"":2,""python_boundary"":{""crossings_per_call"":1,""gil"":""held-during-augmentation"",""input"":""NumPy HWC RGB uint8"",""input_access"":""read-only-borrow"",""output"":""owned contiguous NumPy array""},""sampling"":""native-plan-before-execution"",""schema_version"":2,""steps"":[{""allocation"":""none"",""category"":""color"",""execution"":""in-place"",""fallback"":""runtime-avx2-or-numeric-safety-scalar"",""input_materialization"":""owned-input-copy"",""kernel_form"":""owned-in-place"",""name"":""ColorJitter"",""output_slot"":""working-u8"",""pixel_passes"":2,""policies"":[{""name"":""brightness"",""value"":""[0.8,1.2]""},{""name"":""contrast"",""value"":""[0.8,1.2]""},{""name"":""saturation"",""value"":""[0.8,1.2]""},{""name"":""hue"",""value"":""[0,0]""},{""name"":""order"",""value"":""uniform-random-permutation""}],""probability"":1.0,""scratch_slots"":[],""selection_reason"":""benchmark-policy:composed-color-matrix"",""status"":""always""}],""transforms"":[""ColorJitter""],""unit_specializations"":[""ColorJitter:composed-color-matrix""]}",20846.14502663095,layer2_case,0.0480705,0.0479705,0.047941,0.05015,3,0.2699575780948804,224,,True,compiled
rust,color_jitter,"{""buffers"":[{""condition"":""always"",""dtype"":""uint8"",""layout"":""HWC"",""lifecycle"":""borrowed-for-call"",""name"":""input""},{""condition"":""always"",""dtype"":""uint8"",""layout"":""HWC"",""lifecycle"":""owned-per-run-workspace-reusable"",""name"":""working-u8""}],""copies"":[{""condition"":""non-contiguous-input"",""count"":""0-or-1"",""reason"":""normalize-to-contiguous-HWC"",""stage"":""python-entry""},{""condition"":""always"",""count"":""1"",""reason"":""establish-owned-working-buffer"",""stage"":""native-entry""},{""condition"":""always"",""count"":""0"",""reason"":""transfer-Rust-Vec-ownership-to-NumPy-storage"",""stage"":""python-output""}],""fallbacks"":[""runtime-avx2-or-numeric-safety-scalar""],""fusions"":[],""input"":{""channels"":""RGB"",""container"":""borrowed-buffer"",""contiguous"":true,""dtype"":""uint8"",""layout"":""HWC"",""ownership"":""caller""},""mode"":""compiled"",""optimizations"":[],""output"":{""channels"":""RGB"",""container"":""owned-buffer"",""contiguous"":true,""dtype"":""uint8"",""layout"":""HWC"",""ownership"":""result""},""output_dtype"":""uint8"",""output_layout"":""HWC"",""passes"":1,""pixel_passes"":2,""python_boundary"":{""crossings_per_call"":1,""gil"":""held-during-augmentation"",""input"":""NumPy HWC RGB uint8"",""input_access"":""read-only-borrow"",""output"":""owned contiguous NumPy array""},""sampling"":""native-plan-before-execution"",""schema_version"":2,""steps"":[{""allocation"":""none"",""category"":""color"",""execution"":""in-place"",""fallback"":""runtime-avx2-or-numeric-safety-scalar"",""input_materialization"":""owned-input-copy"",""kernel_form"":""owned-in-place"",""name"":""ColorJitter"",""output_slot"":""working-u8"",""pixel_passes"":2,""policies"":[{""name"":""brightness"",""value"":""[0.8,1.2]""},{""name"":""contrast"",""value"":""[0.8,1.2]""},{""name"":""saturation"",""value"":""[0.8,1.2]""},{""name"":""hue"",""value"":""[0,0]""},{""name"":""order"",""value"":""uniform-random-permutation""}],""probability"":1.0,""scratch_slots"":[],""selection_reason"":""benchmark-policy:composed-color-matrix"",""status"":""always""}],""transforms"":[""ColorJitter""],""unit_specializations"":[""ColorJitter:composed-color-matrix""]}",3975.716324688801,layer2_case,0.253042,0.251527,0.25102199999999997,0.266871,3,0.8030946975871465,512,,True,compiled
rust,crop_resize,"{""buffers"":[{""condition"":""always"",""dtype"":""uint8"",""layout"":""HWC"",""lifecycle"":""borrowed-for-call"",""name"":""input""},{""condition"":""always"",""dtype"":""uint8"",""layout"":""HWC"",""lifecycle"":""owned-per-run-workspace-reusable"",""name"":""working-u8""},{""condition"":""out-of-place-step-applied"",""dtype"":""uint8"",""layout"":""HWC"",""lifecycle"":""owned-per-run-workspace-reusable"",""name"":""scratch-u8""}],""copies"":[{""condition"":""non-contiguous-input"",""count"":""0-or-1"",""reason"":""normalize-to-contiguous-HWC"",""stage"":""python-entry""},{""condition"":""always-elided"",""count"":""0"",""reason"":""establish-owned-working-buffer"",""stage"":""native-entry""},{""condition"":""always"",""count"":""0"",""reason"":""transfer-Rust-Vec-ownership-to-NumPy-storage"",""stage"":""python-output""}],""fallbacks"":[""portable"",""portable-scalar""],""fusions"":[],""input"":{""channels"":""RGB"",""container"":""borrowed-buffer"",""contiguous"":true,""dtype"":""uint8"",""layout"":""HWC"",""ownership"":""caller""},""mode"":""compiled"",""optimizations"":[""input-copy-elision""],""output"":{""channels"":""RGB"",""container"":""owned-buffer"",""contiguous"":true,""dtype"":""uint8"",""layout"":""HWC"",""ownership"":""result""},""output_dtype"":""uint8"",""output_layout"":""HWC"",""passes"":2,""pixel_passes"":2,""python_boundary"":{""crossings_per_call"":1,""gil"":""held-during-augmentation"",""input"":""NumPy HWC RGB uint8"",""input_access"":""read-only-borrow"",""output"":""owned contiguous NumPy array""},""sampling"":""native-plan-before-execution"",""schema_version"":2,""steps"":[{""allocation"":""workspace-u8"",""category"":""geometry"",""execution"":""out-of-place"",""fallback"":""portable-scalar"",""input_materialization"":""borrowed-input"",""kernel_form"":""borrowed-to-owned"",""name"":""RandomCrop"",""output_slot"":""working-u8"",""pixel_passes"":1,""policies"":[{""name"":""size"",""value"":""896x896""},{""name"":""origin"",""value"":""uniform-inclusive""}],""probability"":1.0,""scratch_slots"":[],""selection_reason"":""benchmark-policy:elide-entry-copy"",""status"":""always""},{""allocation"":""workspace-u8"",""category"":""geometry"",""execution"":""out-of-place"",""fallback"":""portable"",""input_materialization"":""previous-output"",""kernel_form"":""owned-to-owned"",""name"":""Resize"",""output_slot"":""scratch-u8"",""pixel_passes"":1,""policies"":[{""name"":""size"",""value"":""224x224""},{""name"":""interpolation"",""value"":""bilinear""},{""name"":""antialias"",""value"":""false""}],""probability"":1.0,""scratch_slots"":[],""selection_reason"":""semantic-legality:owned-to-owned"",""status"":""always""}],""transforms"":[""RandomCrop"",""Resize""],""unit_specializations"":[]}",8026.906189547363,layer2_case,0.13502550000000002,0.124581,0.116976,0.136811,3,14.488164326823533,1024,,True,compiled
rust,crop_resize,"{""buffers"":[{""condition"":""always"",""dtype"":""uint8"",""layout"":""HWC"",""lifecycle"":""borrowed-for-call"",""name"":""input""},{""condition"":""always"",""dtype"":""uint8"",""layout"":""HWC"",""lifecycle"":""owned-per-run-workspace-reusable"",""name"":""working-u8""},{""condition"":""out-of-place-step-applied"",""dtype"":""uint8"",""layout"":""HWC"",""lifecycle"":""owned-per-run-workspace-reusable"",""name"":""scratch-u8""}],""copies"":[{""condition"":""non-contiguous-input"",""count"":""0-or-1"",""reason"":""normalize-to-contiguous-HWC"",""stage"":""python-entry""},{""condition"":""always-elided"",""count"":""0"",""reason"":""establish-owned-working-buffer"",""stage"":""native-entry""},{""condition"":""always"",""count"":""0"",""reason"":""transfer-Rust-Vec-ownership-to-NumPy-storage"",""stage"":""python-output""}],""fallbacks"":[""portable"",""portable-scalar""],""fusions"":[],""input"":{""channels"":""RGB"",""container"":""borrowed-buffer"",""contiguous"":true,""dtype"":""uint8"",""layout"":""HWC"",""ownership"":""caller""},""mode"":""compiled"",""optimizations"":[""input-copy-elision""],""output"":{""channels"":""RGB"",""container"":""owned-buffer"",""contiguous"":true,""dtype"":""uint8"",""layout"":""HWC"",""ownership"":""result""},""output_dtype"":""uint8"",""output_layout"":""HWC"",""passes"":2,""pixel_passes"":2,""python_boundary"":{""crossings_per_call"":1,""gil"":""held-during-augmentation"",""input"":""NumPy HWC RGB uint8"",""input_access"":""read-only-borrow"",""output"":""owned contiguous NumPy array""},""sampling"":""native-plan-before-execution"",""schema_version"":2,""steps"":[{""allocation"":""workspace-u8"",""category"":""geometry"",""execution"":""out-of-place"",""fallback"":""portable-scalar"",""input_materialization"":""borrowed-input"",""kernel_form"":""borrowed-to-owned"",""name"":""RandomCrop"",""output_slot"":""working-u8"",""pixel_passes"":1,""policies"":[{""name"":""size"",""value"":""196x196""},{""name"":""origin"",""value"":""uniform-inclusive""}],""probability"":1.0,""scratch_slots"":[],""selection_reason"":""benchmark-policy:elide-entry-copy"",""status"":""always""},{""allocation"":""workspace-u8"",""category"":""geometry"",""execution"":""out-of-place"",""fallback"":""portable"",""input_materialization"":""previous-output"",""kernel_form"":""owned-to-owned"",""name"":""Resize"",""output_slot"":""scratch-u8"",""pixel_passes"":1,""policies"":[{""name"":""size"",""value"":""224x224""},{""name"":""interpolation"",""value"":""bilinear""},{""name"":""antialias"",""value"":""false""}],""probability"":1.0,""scratch_slots"":[],""selection_reason"":""semantic-legality:owned-to-owned"",""status"":""always""}],""transforms"":[""RandomCrop"",""Resize""],""unit_specializations"":[]}",18042.399639152005,layer2_case,0.055475,0.055425,0.055311,0.06451,3,0.29589535408208834,224,,True,compiled
rust,crop_resize,"{""buffers"":[{""condition"":""always"",""dtype"":""uint8"",""layout"":""HWC"",""lifecycle"":""borrowed-for-call"",""name"":""input""},{""condition"":""always"",""dtype"":""uint8"",""layout"":""HWC"",""lifecycle"":""owned-per-run-workspace-reusable"",""name"":""working-u8""},{""condition"":""out-of-place-step-applied"",""dtype"":""uint8"",""layout"":""HWC"",""lifecycle"":""owned-per-run-workspace-reusable"",""name"":""scratch-u8""}],""copies"":[{""condition"":""non-contiguous-input"",""count"":""0-or-1"",""reason"":""normalize-to-contiguous-HWC"",""stage"":""python-entry""},{""condition"":""always-elided"",""count"":""0"",""reason"":""establish-owned-working-buffer"",""stage"":""native-entry""},{""condition"":""always"",""count"":""0"",""reason"":""transfer-Rust-Vec-ownership-to-NumPy-storage"",""stage"":""python-output""}],""fallbacks"":[""portable"",""portable-scalar""],""fusions"":[],""input"":{""channels"":""RGB"",""container"":""borrowed-buffer"",""contiguous"":true,""dtype"":""uint8"",""layout"":""HWC"",""ownership"":""caller""},""mode"":""compiled"",""optimizations"":[""input-copy-elision""],""output"":{""channels"":""RGB"",""container"":""owned-buffer"",""contiguous"":true,""dtype"":""uint8"",""layout"":""HWC"",""ownership"":""result""},""output_dtype"":""uint8"",""output_layout"":""HWC"",""passes"":2,""pixel_passes"":2,""python_boundary"":{""crossings_per_call"":1,""gil"":""held-during-augmentation"",""input"":""NumPy HWC RGB uint8"",""input_access"":""read-only-borrow"",""output"":""owned contiguous NumPy array""},""sampling"":""native-plan-before-execution"",""schema_version"":2,""steps"":[{""allocation"":""workspace-u8"",""category"":""geometry"",""execution"":""out-of-place"",""fallback"":""portable-scalar"",""input_materialization"":""borrowed-input"",""kernel_form"":""borrowed-to-owned"",""name"":""RandomCrop"",""output_slot"":""working-u8"",""pixel_passes"":1,""policies"":[{""name"":""size"",""value"":""448x448""},{""name"":""origin"",""value"":""uniform-inclusive""}],""probability"":1.0,""scratch_slots"":[],""selection_reason"":""benchmark-policy:elide-entry-copy"",""status"":""always""},{""allocation"":""workspace-u8"",""category"":""geometry"",""execution"":""out-of-place"",""fallback"":""portable"",""input_materialization"":""previous-output"",""kernel_form"":""owned-to-owned"",""name"":""Resize"",""output_slot"":""scratch-u8"",""pixel_passes"":1,""policies"":[{""name"":""size"",""value"":""224x224""},{""name"":""interpolation"",""value"":""bilinear""},{""name"":""antialias"",""value"":""false""}],""probability"":1.0,""scratch_slots"":[],""selection_reason"":""semantic-legality:owned-to-owned"",""status"":""always""}],""transforms"":[""RandomCrop"",""Resize""],""unit_specializations"":[]}",14426.891726177595,layer2_case,0.069546,0.069315,0.0690955,0.083581,3,0.6499314722642899,512,,True,compiled
rust,full,"{""buffers"":[{""condition"":""always"",""dtype"":""uint8"",""layout"":""HWC"",""lifecycle"":""borrowed-for-call"",""name"":""input""},{""condition"":""always"",""dtype"":""uint8"",""layout"":""HWC"",""lifecycle"":""owned-per-run-workspace-reusable"",""name"":""working-u8""},{""condition"":""out-of-place-step-applied"",""dtype"":""uint8"",""layout"":""HWC"",""lifecycle"":""owned-per-run-workspace-reusable"",""name"":""scratch-u8""},{""condition"":""GaussianBlur-applied"",""dtype"":""uint16"",""layout"":""HWC"",""lifecycle"":""owned-per-run-workspace-reusable"",""name"":""blur-temp""},{""condition"":""Normalize-applied"",""dtype"":""float32"",""layout"":""HWC"",""lifecycle"":""owned-output"",""name"":""output-f32""}],""copies"":[{""condition"":""non-contiguous-input"",""count"":""0-or-1"",""reason"":""normalize-to-contiguous-HWC"",""stage"":""python-entry""},{""condition"":""always-elided"",""count"":""0"",""reason"":""establish-owned-working-buffer"",""stage"":""native-entry""},{""condition"":""always"",""count"":""0"",""reason"":""transfer-Rust-Vec-ownership-to-NumPy-storage"",""stage"":""python-output""}],""fallbacks"":[""portable"",""portable-scalar"",""runtime-avx2-or-numeric-safety-scalar"",""runtime-avx2-or-scalar""],""fusions"":[],""input"":{""channels"":""RGB"",""container"":""borrowed-buffer"",""contiguous"":true,""dtype"":""uint8"",""layout"":""HWC"",""ownership"":""caller""},""mode"":""compiled"",""optimizations"":[""input-copy-elision""],""output"":{""channels"":""RGB"",""container"":""owned-buffer"",""contiguous"":true,""dtype"":""float32"",""layout"":""HWC"",""ownership"":""result""},""output_dtype"":""float32"",""output_layout"":""HWC"",""passes"":7,""pixel_passes"":9,""python_boundary"":{""crossings_per_call"":1,""gil"":""held-during-augmentation"",""input"":""NumPy HWC RGB uint8"",""input_access"":""read-only-borrow"",""output"":""owned contiguous NumPy array""},""sampling"":""native-plan-before-execution"",""schema_version"":2,""steps"":[{""allocation"":""workspace-u8"",""category"":""geometry"",""execution"":""out-of-place"",""fallback"":""portable-scalar"",""input_materialization"":""borrowed-input"",""kernel_form"":""borrowed-to-owned"",""name"":""RandomCrop"",""output_slot"":""working-u8"",""pixel_passes"":1,""policies"":[{""name"":""size"",""value"":""448x448""},{""name"":""origin"",""value"":""uniform-inclusive""}],""probability"":1.0,""scratch_slots"":[],""selection_reason"":""benchmark-policy:elide-entry-copy"",""status"":""always""},{""allocation"":""workspace-u8"",""category"":""geometry"",""execution"":""out-of-place"",""fallback"":""portable"",""input_materialization"":""previous-output"",""kernel_form"":""owned-to-owned"",""name"":""Resize"",""output_slot"":""scratch-u8"",""pixel_passes"":1,""policies"":[{""name"":""size"",""value"":""224x224""},{""name"":""interpolation"",""value"":""bilinear""},{""name"":""antialias"",""value"":""false""}],""probability"":1.0,""scratch_slots"":[],""selection_reason"":""semantic-legality:owned-to-owned"",""status"":""always""},{""allocation"":""none"",""category"":""geometry"",""execution"":""in-place"",""fallback"":""runtime-avx2-or-scalar"",""input_materialization"":""previous-output"",""kernel_form"":""owned-in-place"",""name"":""HorizontalFlip"",""output_slot"":""working-u8"",""pixel_passes"":1,""policies"":[],""probability"":0.5,""scratch_slots"":[],""selection_reason"":""semantic-legality:owned-in-place"",""status"":""conditional""},{""allocation"":""none"",""category"":""color"",""execution"":""in-place"",""fallback"":""runtime-avx2-or-numeric-safety-scalar"",""input_materialization"":""previous-output"",""kernel_form"":""owned-in-place"",""name"":""ColorJitter"",""output_slot"":""working-u8"",""pixel_passes"":2,""policies"":[{""name"":""brightness"",""value"":""[0.8,1.2]""},{""name"":""contrast"",""value"":""[0.8,1.2]""},{""name"":""saturation"",""value"":""[0.8,1.2]""},{""name"":""hue"",""value"":""[0,0]""},{""name"":""order"",""value"":""uniform-random-permutation""}],""probability"":1.0,""scratch_slots"":[],""selection_reason"":""benchmark-policy:composed-color-matrix"",""status"":""always""},{""allocation"":""workspace-u8"",""category"":""geometry"",""execution"":""out-of-place"",""fallback"":""runtime-avx2-or-scalar"",""input_materialization"":""previous-output"",""kernel_form"":""owned-to-owned"",""name"":""Affine"",""output_slot"":""scratch-u8"",""pixel_passes"":1,""policies"":[{""name"":""degrees"",""value"":""[-10,10]""},{""name"":""translate-fraction"",""value"":""[-0,0]x[-0,0]""},{""name"":""scale"",""value"":""[1,1]""},{""name"":""shear-degrees"",""value"":""[0,0]x[0,0]""},{""name"":""interpolation"",""value"":""bilinear""},{""name"":""border"",""value"":""constant""},{""name"":""fill"",""value"":""[0,0,0]""}],""probability"":1.0,""scratch_slots"":[],""selection_reason"":""benchmark-policy:affine-copy-then-transform"",""status"":""always""},{""allocation"":""workspace-u16"",""category"":""filter"",""execution"":""in-place"",""fallback"":""runtime-avx2-or-scalar"",""input_materialization"":""previous-output"",""kernel_form"":""owned-in-place"",""name"":""GaussianBlur"",""output_slot"":""working-u8"",""pixel_passes"":2,""policies"":[{""name"":""kernel-size"",""value"":""5""},{""name"":""sigma"",""value"":""[1.1,1.1]""},{""name"":""border"",""value"":""reflect101""}],""probability"":1.0,""scratch_slots"":[""blur-temp""],""selection_reason"":""semantic-legality:owned-in-place"",""status"":""always""},{""allocation"":""owned-f32-output"",""category"":""dtype"",""execution"":""terminal"",""fallback"":""runtime-avx2-or-scalar"",""input_materialization"":""previous-output"",""kernel_form"":""owned-to-owned"",""name"":""Normalize"",""output_slot"":""output-f32-hwc"",""pixel_passes"":1,""policies"":[{""name"":""max-pixel-value"",""value"":""255""}],""probability"":1.0,""scratch_slots"":[],""selection_reason"":""semantic-legality:owned-to-owned"",""status"":""always""}],""transforms"":[""RandomCrop"",""Resize"",""HorizontalFlip"",""ColorJitter"",""Affine"",""GaussianBlur"",""Normalize""],""unit_specializations"":[""ColorJitter:composed-color-matrix""]}",3059.020746278701,layer2_case,0.33014200000000005,0.326902,0.324187,0.357132,3,1.8216468544089797,512,,True,compiled
rust,normalize,"{""buffers"":[{""condition"":""always"",""dtype"":""uint8"",""layout"":""HWC"",""lifecycle"":""borrowed-for-call"",""name"":""input""},{""condition"":""not-required"",""dtype"":""uint8"",""layout"":""HWC"",""lifecycle"":""owned-per-run-workspace-reusable"",""name"":""working-u8""},{""condition"":""Normalize-applied"",""dtype"":""float32"",""layout"":""HWC"",""lifecycle"":""owned-output"",""name"":""output-f32""}],""copies"":[{""condition"":""non-contiguous-input"",""count"":""0-or-1"",""reason"":""normalize-to-contiguous-HWC"",""stage"":""python-entry""},{""condition"":""always-elided"",""count"":""0"",""reason"":""establish-owned-working-buffer"",""stage"":""native-entry""},{""condition"":""always"",""count"":""0"",""reason"":""transfer-Rust-Vec-ownership-to-NumPy-storage"",""stage"":""python-output""}],""fallbacks"":[""runtime-avx2-or-scalar""],""fusions"":[],""input"":{""channels"":""RGB"",""container"":""borrowed-buffer"",""contiguous"":true,""dtype"":""uint8"",""layout"":""HWC"",""ownership"":""caller""},""mode"":""compiled"",""optimizations"":[""input-copy-elision""],""output"":{""channels"":""RGB"",""container"":""owned-buffer"",""contiguous"":true,""dtype"":""float32"",""layout"":""HWC"",""ownership"":""result""},""output_dtype"":""float32"",""output_layout"":""HWC"",""passes"":1,""pixel_passes"":1,""python_boundary"":{""crossings_per_call"":1,""gil"":""held-during-augmentation"",""input"":""NumPy HWC RGB uint8"",""input_access"":""read-only-borrow"",""output"":""owned contiguous NumPy array""},""sampling"":""native-plan-before-execution"",""schema_version"":2,""steps"":[{""allocation"":""owned-f32-output"",""category"":""dtype"",""execution"":""terminal"",""fallback"":""runtime-avx2-or-scalar"",""input_materialization"":""borrowed-input"",""kernel_form"":""borrowed-to-owned"",""name"":""Normalize"",""output_slot"":""output-f32-hwc"",""pixel_passes"":1,""policies"":[{""name"":""max-pixel-value"",""value"":""255""}],""probability"":1.0,""scratch_slots"":[],""selection_reason"":""benchmark-policy:elide-entry-copy"",""status"":""always""}],""transforms"":[""Normalize""],""unit_specializations"":[]}",3526.8205888732336,layer2_case,0.305717,0.2835415,0.28001149999999997,0.331082,3,9.065868664728107,1024,,True,compiled
rust,normalize,"{""buffers"":[{""condition"":""always"",""dtype"":""uint8"",""layout"":""HWC"",""lifecycle"":""borrowed-for-call"",""name"":""input""},{""condition"":""not-required"",""dtype"":""uint8"",""layout"":""HWC"",""lifecycle"":""owned-per-run-workspace-reusable"",""name"":""working-u8""},{""condition"":""Normalize-applied"",""dtype"":""float32"",""layout"":""HWC"",""lifecycle"":""owned-output"",""name"":""output-f32""}],""copies"":[{""condition"":""non-contiguous-input"",""count"":""0-or-1"",""reason"":""normalize-to-contiguous-HWC"",""stage"":""python-entry""},{""condition"":""always-elided"",""count"":""0"",""reason"":""establish-owned-working-buffer"",""stage"":""native-entry""},{""condition"":""always"",""count"":""0"",""reason"":""transfer-Rust-Vec-ownership-to-NumPy-storage"",""stage"":""python-output""}],""fallbacks"":[""runtime-avx2-or-scalar""],""fusions"":[],""input"":{""channels"":""RGB"",""container"":""borrowed-buffer"",""contiguous"":true,""dtype"":""uint8"",""layout"":""HWC"",""ownership"":""caller""},""mode"":""compiled"",""optimizations"":[""input-copy-elision""],""output"":{""channels"":""RGB"",""container"":""owned-buffer"",""contiguous"":true,""dtype"":""float32"",""layout"":""HWC"",""ownership"":""result""},""output_dtype"":""float32"",""output_layout"":""HWC"",""passes"":1,""pixel_passes"":1,""python_boundary"":{""crossings_per_call"":1,""gil"":""held-during-augmentation"",""input"":""NumPy HWC RGB uint8"",""input_access"":""read-only-borrow"",""output"":""owned contiguous NumPy array""},""sampling"":""native-plan-before-execution"",""schema_version"":2,""steps"":[{""allocation"":""owned-f32-output"",""category"":""dtype"",""execution"":""terminal"",""fallback"":""runtime-avx2-or-scalar"",""input_materialization"":""borrowed-input"",""kernel_form"":""borrowed-to-owned"",""name"":""Normalize"",""output_slot"":""output-f32-hwc"",""pixel_passes"":1,""policies"":[{""name"":""max-pixel-value"",""value"":""255""}],""probability"":1.0,""scratch_slots"":[],""selection_reason"":""benchmark-policy:elide-entry-copy"",""status"":""always""}],""transforms"":[""Normalize""],""unit_specializations"":[]}",90293.45372460497,layer2_case,0.011125,0.011075,0.0110705,0.01135,3,0.49209932279908797,224,,True,compiled
rust,normalize,"{""buffers"":[{""condition"":""always"",""dtype"":""uint8"",""layout"":""HWC"",""lifecycle"":""borrowed-for-call"",""name"":""input""},{""condition"":""not-required"",""dtype"":""uint8"",""layout"":""HWC"",""lifecycle"":""owned-per-run-workspace-reusable"",""name"":""working-u8""},{""condition"":""Normalize-applied"",""dtype"":""float32"",""layout"":""HWC"",""lifecycle"":""owned-output"",""name"":""output-f32""}],""copies"":[{""condition"":""non-contiguous-input"",""count"":""0-or-1"",""reason"":""normalize-to-contiguous-HWC"",""stage"":""python-entry""},{""condition"":""always-elided"",""count"":""0"",""reason"":""establish-owned-working-buffer"",""stage"":""native-entry""},{""condition"":""always"",""count"":""0"",""reason"":""transfer-Rust-Vec-ownership-to-NumPy-storage"",""stage"":""python-output""}],""fallbacks"":[""runtime-avx2-or-scalar""],""fusions"":[],""input"":{""channels"":""RGB"",""container"":""borrowed-buffer"",""contiguous"":true,""dtype"":""uint8"",""layout"":""HWC"",""ownership"":""caller""},""mode"":""compiled"",""optimizations"":[""input-copy-elision""],""output"":{""channels"":""RGB"",""container"":""owned-buffer"",""contiguous"":true,""dtype"":""float32"",""layout"":""HWC"",""ownership"":""result""},""output_dtype"":""float32"",""output_layout"":""HWC"",""passes"":1,""pixel_passes"":1,""python_boundary"":{""crossings_per_call"":1,""gil"":""held-during-augmentation"",""input"":""NumPy HWC RGB uint8"",""input_access"":""read-only-borrow"",""output"":""owned contiguous NumPy array""},""sampling"":""native-plan-before-execution"",""schema_version"":2,""steps"":[{""allocation"":""owned-f32-output"",""category"":""dtype"",""execution"":""terminal"",""fallback"":""runtime-avx2-or-scalar"",""input_materialization"":""borrowed-input"",""kernel_form"":""borrowed-to-owned"",""name"":""Normalize"",""output_slot"":""output-f32-hwc"",""pixel_passes"":1,""policies"":[{""name"":""max-pixel-value"",""value"":""255""}],""probability"":1.0,""scratch_slots"":[],""selection_reason"":""benchmark-policy:elide-entry-copy"",""status"":""always""}],""transforms"":[""Normalize""],""unit_specializations"":[]}",17706.793211215485,layer2_case,0.0567955,0.0564755,0.05638,0.06607,3,0.735717257926002,512,,True,compiled
rust,color_jitter,"{""buffers"":[{""condition"":""always"",""dtype"":""uint8"",""layout"":""HWC"",""lifecycle"":""borrowed-for-call"",""name"":""input""},{""condition"":""always"",""dtype"":""uint8"",""layout"":""HWC"",""lifecycle"":""owned-per-run-workspace-reusable"",""name"":""working-u8""}],""copies"":[{""condition"":""non-contiguous-input"",""count"":""0-or-1"",""reason"":""normalize-to-contiguous-HWC"",""stage"":""python-entry""},{""condition"":""always"",""count"":""1"",""reason"":""establish-owned-working-buffer"",""stage"":""native-entry""},{""condition"":""always"",""count"":""0"",""reason"":""transfer-Rust-Vec-ownership-to-NumPy-storage"",""stage"":""python-output""}],""fallbacks"":[""runtime-avx2-or-numeric-safety-scalar""],""fusions"":[],""input"":{""channels"":""RGB"",""container"":""borrowed-buffer"",""contiguous"":true,""dtype"":""uint8"",""layout"":""HWC"",""ownership"":""caller""},""mode"":""staged-fresh"",""optimizations"":[],""output"":{""channels"":""RGB"",""container"":""owned-buffer"",""contiguous"":true,""dtype"":""uint8"",""layout"":""HWC"",""ownership"":""result""},""output_dtype"":""uint8"",""output_layout"":""HWC"",""passes"":1,""pixel_passes"":4,""python_boundary"":{""crossings_per_call"":1,""gil"":""held-during-augmentation"",""input"":""NumPy HWC RGB uint8"",""input_access"":""read-only-borrow"",""output"":""owned contiguous NumPy array""},""sampling"":""native-plan-before-execution"",""schema_version"":2,""steps"":[{""allocation"":""none"",""category"":""color"",""execution"":""in-place"",""fallback"":""runtime-avx2-or-numeric-safety-scalar"",""input_materialization"":""owned-input-copy"",""kernel_form"":""owned-in-place"",""name"":""ColorJitter"",""output_slot"":""working-u8"",""pixel_passes"":4,""policies"":[{""name"":""brightness"",""value"":""[0.8,1.2]""},{""name"":""contrast"",""value"":""[0.8,1.2]""},{""name"":""saturation"",""value"":""[0.8,1.2]""},{""name"":""hue"",""value"":""[0,0]""},{""name"":""order"",""value"":""uniform-random-permutation""}],""probability"":1.0,""scratch_slots"":[],""selection_reason"":""benchmark-policy:composed-color-matrix"",""status"":""always""}],""transforms"":[""ColorJitter""],""unit_specializations"":[]}",427.4181018832255,layer2_case,2.3411090000000003,2.3396295,2.333389,2.363574,3,0.3299667746538669,1024,,True,staged-fresh
rust,color_jitter,"{""buffers"":[{""condition"":""always"",""dtype"":""uint8"",""layout"":""HWC"",""lifecycle"":""borrowed-for-call"",""name"":""input""},{""condition"":""always"",""dtype"":""uint8"",""layout"":""HWC"",""lifecycle"":""owned-per-run-workspace-reusable"",""name"":""working-u8""}],""copies"":[{""condition"":""non-contiguous-input"",""count"":""0-or-1"",""reason"":""normalize-to-contiguous-HWC"",""stage"":""python-entry""},{""condition"":""always"",""count"":""1"",""reason"":""establish-owned-working-buffer"",""stage"":""native-entry""},{""condition"":""always"",""count"":""0"",""reason"":""transfer-Rust-Vec-ownership-to-NumPy-storage"",""stage"":""python-output""}],""fallbacks"":[""runtime-avx2-or-numeric-safety-scalar""],""fusions"":[],""input"":{""channels"":""RGB"",""container"":""borrowed-buffer"",""contiguous"":true,""dtype"":""uint8"",""layout"":""HWC"",""ownership"":""caller""},""mode"":""staged-fresh"",""optimizations"":[],""output"":{""channels"":""RGB"",""container"":""owned-buffer"",""contiguous"":true,""dtype"":""uint8"",""layout"":""HWC"",""ownership"":""result""},""output_dtype"":""uint8"",""output_layout"":""HWC"",""passes"":1,""pixel_passes"":4,""python_boundary"":{""crossings_per_call"":1,""gil"":""held-during-augmentation"",""input"":""NumPy HWC RGB uint8"",""input_access"":""read-only-borrow"",""output"":""owned contiguous NumPy array""},""sampling"":""native-plan-before-execution"",""schema_version"":2,""steps"":[{""allocation"":""none"",""category"":""color"",""execution"":""in-place"",""fallback"":""runtime-avx2-or-numeric-safety-scalar"",""input_materialization"":""owned-input-copy"",""kernel_form"":""owned-in-place"",""name"":""ColorJitter"",""output_slot"":""working-u8"",""pixel_passes"":4,""policies"":[{""name"":""brightness"",""value"":""[0.8,1.2]""},{""name"":""contrast"",""value"":""[0.8,1.2]""},{""name"":""saturation"",""value"":""[0.8,1.2]""},{""name"":""hue"",""value"":""[0,0]""},{""name"":""order"",""value"":""uniform-random-permutation""}],""probability"":1.0,""scratch_slots"":[],""selection_reason"":""benchmark-policy:composed-color-matrix"",""status"":""always""}],""transforms"":[""ColorJitter""],""unit_specializations"":[]}",9057.478760212307,layer2_case,0.1104305,0.110406,0.109876,0.12209,3,0.5022371972537719,224,,True,staged-fresh
rust,color_jitter,"{""buffers"":[{""condition"":""always"",""dtype"":""uint8"",""layout"":""HWC"",""lifecycle"":""borrowed-for-call"",""name"":""input""},{""condition"":""always"",""dtype"":""uint8"",""layout"":""HWC"",""lifecycle"":""owned-per-run-workspace-reusable"",""name"":""working-u8""}],""copies"":[{""condition"":""non-contiguous-input"",""count"":""0-or-1"",""reason"":""normalize-to-contiguous-HWC"",""stage"":""python-entry""},{""condition"":""always"",""count"":""1"",""reason"":""establish-owned-working-buffer"",""stage"":""native-entry""},{""condition"":""always"",""count"":""0"",""reason"":""transfer-Rust-Vec-ownership-to-NumPy-storage"",""stage"":""python-output""}],""fallbacks"":[""runtime-avx2-or-numeric-safety-scalar""],""fusions"":[],""input"":{""channels"":""RGB"",""container"":""borrowed-buffer"",""contiguous"":true,""dtype"":""uint8"",""layout"":""HWC"",""ownership"":""caller""},""mode"":""staged-fresh"",""optimizations"":[],""output"":{""channels"":""RGB"",""container"":""owned-buffer"",""contiguous"":true,""dtype"":""uint8"",""layout"":""HWC"",""ownership"":""result""},""output_dtype"":""uint8"",""output_layout"":""HWC"",""passes"":1,""pixel_passes"":4,""python_boundary"":{""crossings_per_call"":1,""gil"":""held-during-augmentation"",""input"":""NumPy HWC RGB uint8"",""input_access"":""read-only-borrow"",""output"":""owned contiguous NumPy array""},""sampling"":""native-plan-before-execution"",""schema_version"":2,""steps"":[{""allocation"":""none"",""category"":""color"",""execution"":""in-place"",""fallback"":""runtime-avx2-or-numeric-safety-scalar"",""input_materialization"":""owned-input-copy"",""kernel_form"":""owned-in-place"",""name"":""ColorJitter"",""output_slot"":""working-u8"",""pixel_passes"":4,""policies"":[{""name"":""brightness"",""value"":""[0.8,1.2]""},{""name"":""contrast"",""value"":""[0.8,1.2]""},{""name"":""saturation"",""value"":""[0.8,1.2]""},{""name"":""hue"",""value"":""[0,0]""},{""name"":""order"",""value"":""uniform-random-permutation""}],""probability"":1.0,""scratch_slots"":[],""selection_reason"":""benchmark-policy:composed-color-matrix"",""status"":""always""}],""transforms"":[""ColorJitter""],""unit_specializations"":[]}",1729.8090204350985,layer2_case,0.579848,0.5780985000000001,0.5774840000000001,0.597014,3,0.4089268524308438,512,,True,staged-fresh
rust,crop_resize,"{""buffers"":[{""condition"":""always"",""dtype"":""uint8"",""layout"":""HWC"",""lifecycle"":""borrowed-for-call"",""name"":""input""},{""condition"":""always"",""dtype"":""uint8"",""layout"":""HWC"",""lifecycle"":""owned-per-run-workspace-reusable"",""name"":""working-u8""},{""condition"":""out-of-place-step-applied"",""dtype"":""uint8"",""layout"":""HWC"",""lifecycle"":""owned-per-run-workspace-reusable"",""name"":""scratch-u8""}],""copies"":[{""condition"":""non-contiguous-input"",""count"":""0-or-1"",""reason"":""normalize-to-contiguous-HWC"",""stage"":""python-entry""},{""condition"":""always"",""count"":""1"",""reason"":""establish-owned-working-buffer"",""stage"":""native-entry""},{""condition"":""always"",""count"":""0"",""reason"":""transfer-Rust-Vec-ownership-to-NumPy-storage"",""stage"":""python-output""}],""fallbacks"":[""portable"",""portable-scalar""],""fusions"":[],""input"":{""channels"":""RGB"",""container"":""borrowed-buffer"",""contiguous"":true,""dtype"":""uint8"",""layout"":""HWC"",""ownership"":""caller""},""mode"":""staged-fresh"",""optimizations"":[],""output"":{""channels"":""RGB"",""container"":""owned-buffer"",""contiguous"":true,""dtype"":""uint8"",""layout"":""HWC"",""ownership"":""result""},""output_dtype"":""uint8"",""output_layout"":""HWC"",""passes"":2,""pixel_passes"":2,""python_boundary"":{""crossings_per_call"":1,""gil"":""held-during-augmentation"",""input"":""NumPy HWC RGB uint8"",""input_access"":""read-only-borrow"",""output"":""owned contiguous NumPy array""},""sampling"":""native-plan-before-execution"",""schema_version"":2,""steps"":[{""allocation"":""workspace-u8"",""category"":""geometry"",""execution"":""out-of-place"",""fallback"":""portable-scalar"",""input_materialization"":""owned-input-copy"",""kernel_form"":""owned-to-owned"",""name"":""RandomCrop"",""output_slot"":""scratch-u8"",""pixel_passes"":1,""policies"":[{""name"":""size"",""value"":""896x896""},{""name"":""origin"",""value"":""uniform-inclusive""}],""probability"":1.0,""scratch_slots"":[],""selection_reason"":""semantic-legality:owned-to-owned"",""status"":""always""},{""allocation"":""workspace-u8"",""category"":""geometry"",""execution"":""out-of-place"",""fallback"":""portable"",""input_materialization"":""previous-output"",""kernel_form"":""owned-to-owned"",""name"":""Resize"",""output_slot"":""scratch-u8"",""pixel_passes"":1,""policies"":[{""name"":""size"",""value"":""224x224""},{""name"":""interpolation"",""value"":""bilinear""},{""name"":""antialias"",""value"":""false""}],""probability"":1.0,""scratch_slots"":[],""selection_reason"":""semantic-legality:owned-to-owned"",""status"":""always""}],""transforms"":[""RandomCrop"",""Resize""],""unit_specializations"":[]}",5348.40871469716,layer2_case,0.187976,0.1869715,0.174606,0.220711,3,7.150822451550098,1024,,True,staged-fresh
rust,crop_resize,"{""buffers"":[{""condition"":""always"",""dtype"":""uint8"",""layout"":""HWC"",""lifecycle"":""borrowed-for-call"",""name"":""input""},{""condition"":""always"",""dtype"":""uint8"",""layout"":""HWC"",""lifecycle"":""owned-per-run-workspace-reusable"",""name"":""working-u8""},{""condition"":""out-of-place-step-applied"",""dtype"":""uint8"",""layout"":""HWC"",""lifecycle"":""owned-per-run-workspace-reusable"",""name"":""scratch-u8""}],""copies"":[{""condition"":""non-contiguous-input"",""count"":""0-or-1"",""reason"":""normalize-to-contiguous-HWC"",""stage"":""python-entry""},{""condition"":""always"",""count"":""1"",""reason"":""establish-owned-working-buffer"",""stage"":""native-entry""},{""condition"":""always"",""count"":""0"",""reason"":""transfer-Rust-Vec-ownership-to-NumPy-storage"",""stage"":""python-output""}],""fallbacks"":[""portable"",""portable-scalar""],""fusions"":[],""input"":{""channels"":""RGB"",""container"":""borrowed-buffer"",""contiguous"":true,""dtype"":""uint8"",""layout"":""HWC"",""ownership"":""caller""},""mode"":""staged-fresh"",""optimizations"":[],""output"":{""channels"":""RGB"",""container"":""owned-buffer"",""contiguous"":true,""dtype"":""uint8"",""layout"":""HWC"",""ownership"":""result""},""output_dtype"":""uint8"",""output_layout"":""HWC"",""passes"":2,""pixel_passes"":2,""python_boundary"":{""crossings_per_call"":1,""gil"":""held-during-augmentation"",""input"":""NumPy HWC RGB uint8"",""input_access"":""read-only-borrow"",""output"":""owned contiguous NumPy array""},""sampling"":""native-plan-before-execution"",""schema_version"":2,""steps"":[{""allocation"":""workspace-u8"",""category"":""geometry"",""execution"":""out-of-place"",""fallback"":""portable-scalar"",""input_materialization"":""owned-input-copy"",""kernel_form"":""owned-to-owned"",""name"":""RandomCrop"",""output_slot"":""scratch-u8"",""pixel_passes"":1,""policies"":[{""name"":""size"",""value"":""196x196""},{""name"":""origin"",""value"":""uniform-inclusive""}],""probability"":1.0,""scratch_slots"":[],""selection_reason"":""semantic-legality:owned-to-owned"",""status"":""always""},{""allocation"":""workspace-u8"",""category"":""geometry"",""execution"":""out-of-place"",""fallback"":""portable"",""input_materialization"":""previous-output"",""kernel_form"":""owned-to-owned"",""name"":""Resize"",""output_slot"":""scratch-u8"",""pixel_passes"":1,""policies"":[{""name"":""size"",""value"":""224x224""},{""name"":""interpolation"",""value"":""bilinear""},{""name"":""antialias"",""value"":""false""}],""probability"":1.0,""scratch_slots"":[],""selection_reason"":""semantic-legality:owned-to-owned"",""status"":""always""}],""transforms"":[""RandomCrop"",""Resize""],""unit_specializations"":[]}",17548.16972589759,layer2_case,0.057146,0.056985999999999995,0.05697,0.062521,3,0.308847787175802,224,,True,staged-fresh
rust,crop_resize,"{""buffers"":[{""condition"":""always"",""dtype"":""uint8"",""layout"":""HWC"",""lifecycle"":""borrowed-for-call"",""name"":""input""},{""condition"":""always"",""dtype"":""uint8"",""layout"":""HWC"",""lifecycle"":""owned-per-run-workspace-reusable"",""name"":""working-u8""},{""condition"":""out-of-place-step-applied"",""dtype"":""uint8"",""layout"":""HWC"",""lifecycle"":""owned-per-run-workspace-reusable"",""name"":""scratch-u8""}],""copies"":[{""condition"":""non-contiguous-input"",""count"":""0-or-1"",""reason"":""normalize-to-contiguous-HWC"",""stage"":""python-entry""},{""condition"":""always"",""count"":""1"",""reason"":""establish-owned-working-buffer"",""stage"":""native-entry""},{""condition"":""always"",""count"":""0"",""reason"":""transfer-Rust-Vec-ownership-to-NumPy-storage"",""stage"":""python-output""}],""fallbacks"":[""portable"",""portable-scalar""],""fusions"":[],""input"":{""channels"":""RGB"",""container"":""borrowed-buffer"",""contiguous"":true,""dtype"":""uint8"",""layout"":""HWC"",""ownership"":""caller""},""mode"":""staged-fresh"",""optimizations"":[],""output"":{""channels"":""RGB"",""container"":""owned-buffer"",""contiguous"":true,""dtype"":""uint8"",""layout"":""HWC"",""ownership"":""result""},""output_dtype"":""uint8"",""output_layout"":""HWC"",""passes"":2,""pixel_passes"":2,""python_boundary"":{""crossings_per_call"":1,""gil"":""held-during-augmentation"",""input"":""NumPy HWC RGB uint8"",""input_access"":""read-only-borrow"",""output"":""owned contiguous NumPy array""},""sampling"":""native-plan-before-execution"",""schema_version"":2,""steps"":[{""allocation"":""workspace-u8"",""category"":""geometry"",""execution"":""out-of-place"",""fallback"":""portable-scalar"",""input_materialization"":""owned-input-copy"",""kernel_form"":""owned-to-owned"",""name"":""RandomCrop"",""output_slot"":""scratch-u8"",""pixel_passes"":1,""policies"":[{""name"":""size"",""value"":""448x448""},{""name"":""origin"",""value"":""uniform-inclusive""}],""probability"":1.0,""scratch_slots"":[],""selection_reason"":""semantic-legality:owned-to-owned"",""status"":""always""},{""allocation"":""workspace-u8"",""category"":""geometry"",""execution"":""out-of-place"",""fallback"":""portable"",""input_materialization"":""previous-output"",""kernel_form"":""owned-to-owned"",""name"":""Resize"",""output_slot"":""scratch-u8"",""pixel_passes"":1,""policies"":[{""name"":""size"",""value"":""224x224""},{""name"":""interpolation"",""value"":""bilinear""},{""name"":""antialias"",""value"":""false""}],""probability"":1.0,""scratch_slots"":[],""selection_reason"":""semantic-legality:owned-to-owned"",""status"":""always""}],""transforms"":[""RandomCrop"",""Resize""],""unit_specializations"":[]}",11804.842346330464,layer2_case,0.08494499999999999,0.08471100000000001,0.08446,0.099461,3,0.5725348537970267,512,,True,staged-fresh
rust,full,"{""buffers"":[{""condition"":""always"",""dtype"":""uint8"",""layout"":""HWC"",""lifecycle"":""borrowed-for-call"",""name"":""input""},{""condition"":""always"",""dtype"":""uint8"",""layout"":""HWC"",""lifecycle"":""owned-per-run-workspace-reusable"",""name"":""working-u8""},{""condition"":""out-of-place-step-applied"",""dtype"":""uint8"",""layout"":""HWC"",""lifecycle"":""owned-per-run-workspace-reusable"",""name"":""scratch-u8""},{""condition"":""GaussianBlur-applied"",""dtype"":""uint16"",""layout"":""HWC"",""lifecycle"":""owned-per-run-workspace-reusable"",""name"":""blur-temp""},{""condition"":""Normalize-applied"",""dtype"":""float32"",""layout"":""HWC"",""lifecycle"":""owned-output"",""name"":""output-f32""}],""copies"":[{""condition"":""non-contiguous-input"",""count"":""0-or-1"",""reason"":""normalize-to-contiguous-HWC"",""stage"":""python-entry""},{""condition"":""always"",""count"":""1"",""reason"":""establish-owned-working-buffer"",""stage"":""native-entry""},{""condition"":""always"",""count"":""0"",""reason"":""transfer-Rust-Vec-ownership-to-NumPy-storage"",""stage"":""python-output""}],""fallbacks"":[""portable"",""portable-scalar"",""runtime-avx2-or-numeric-safety-scalar"",""runtime-avx2-or-scalar""],""fusions"":[],""input"":{""channels"":""RGB"",""container"":""borrowed-buffer"",""contiguous"":true,""dtype"":""uint8"",""layout"":""HWC"",""ownership"":""caller""},""mode"":""staged-fresh"",""optimizations"":[],""output"":{""channels"":""RGB"",""container"":""owned-buffer"",""contiguous"":true,""dtype"":""float32"",""layout"":""HWC"",""ownership"":""result""},""output_dtype"":""float32"",""output_layout"":""HWC"",""passes"":7,""pixel_passes"":11,""python_boundary"":{""crossings_per_call"":1,""gil"":""held-during-augmentation"",""input"":""NumPy HWC RGB uint8"",""input_access"":""read-only-borrow"",""output"":""owned contiguous NumPy array""},""sampling"":""native-plan-before-execution"",""schema_version"":2,""steps"":[{""allocation"":""workspace-u8"",""category"":""geometry"",""execution"":""out-of-place"",""fallback"":""portable-scalar"",""input_materialization"":""owned-input-copy"",""kernel_form"":""owned-to-owned"",""name"":""RandomCrop"",""output_slot"":""scratch-u8"",""pixel_passes"":1,""policies"":[{""name"":""size"",""value"":""448x448""},{""name"":""origin"",""value"":""uniform-inclusive""}],""probability"":1.0,""scratch_slots"":[],""selection_reason"":""semantic-legality:owned-to-owned"",""status"":""always""},{""allocation"":""workspace-u8"",""category"":""geometry"",""execution"":""out-of-place"",""fallback"":""portable"",""input_materialization"":""previous-output"",""kernel_form"":""owned-to-owned"",""name"":""Resize"",""output_slot"":""scratch-u8"",""pixel_passes"":1,""policies"":[{""name"":""size"",""value"":""224x224""},{""name"":""interpolation"",""value"":""bilinear""},{""name"":""antialias"",""value"":""false""}],""probability"":1.0,""scratch_slots"":[],""selection_reason"":""semantic-legality:owned-to-owned"",""status"":""always""},{""allocation"":""none"",""category"":""geometry"",""execution"":""in-place"",""fallback"":""runtime-avx2-or-scalar"",""input_materialization"":""previous-output"",""kernel_form"":""owned-in-place"",""name"":""HorizontalFlip"",""output_slot"":""working-u8"",""pixel_passes"":1,""policies"":[],""probability"":0.5,""scratch_slots"":[],""selection_reason"":""semantic-legality:owned-in-place"",""status"":""conditional""},{""allocation"":""none"",""category"":""color"",""execution"":""in-place"",""fallback"":""runtime-avx2-or-numeric-safety-scalar"",""input_materialization"":""previous-output"",""kernel_form"":""owned-in-place"",""name"":""ColorJitter"",""output_slot"":""working-u8"",""pixel_passes"":4,""policies"":[{""name"":""brightness"",""value"":""[0.8,1.2]""},{""name"":""contrast"",""value"":""[0.8,1.2]""},{""name"":""saturation"",""value"":""[0.8,1.2]""},{""name"":""hue"",""value"":""[0,0]""},{""name"":""order"",""value"":""uniform-random-permutation""}],""probability"":1.0,""scratch_slots"":[],""selection_reason"":""benchmark-policy:composed-color-matrix"",""status"":""always""},{""allocation"":""workspace-u8"",""category"":""geometry"",""execution"":""out-of-place"",""fallback"":""runtime-avx2-or-scalar"",""input_materialization"":""previous-output"",""kernel_form"":""owned-to-owned"",""name"":""Affine"",""output_slot"":""scratch-u8"",""pixel_passes"":1,""policies"":[{""name"":""degrees"",""value"":""[-10,10]""},{""name"":""translate-fraction"",""value"":""[-0,0]x[-0,0]""},{""name"":""scale"",""value"":""[1,1]""},{""name"":""shear-degrees"",""value"":""[0,0]x[0,0]""},{""name"":""interpolation"",""value"":""bilinear""},{""name"":""border"",""value"":""constant""},{""name"":""fill"",""value"":""[0,0,0]""}],""probability"":1.0,""scratch_slots"":[],""selection_reason"":""benchmark-policy:affine-copy-then-transform"",""status"":""always""},{""allocation"":""workspace-u16"",""category"":""filter"",""execution"":""in-place"",""fallback"":""runtime-avx2-or-scalar"",""input_materialization"":""previous-output"",""kernel_form"":""owned-in-place"",""name"":""GaussianBlur"",""output_slot"":""working-u8"",""pixel_passes"":2,""policies"":[{""name"":""kernel-size"",""value"":""5""},{""name"":""sigma"",""value"":""[1.1,1.1]""},{""name"":""border"",""value"":""reflect101""}],""probability"":1.0,""scratch_slots"":[""blur-temp""],""selection_reason"":""semantic-legality:owned-in-place"",""status"":""always""},{""allocation"":""owned-f32-output"",""category"":""dtype"",""execution"":""terminal"",""fallback"":""runtime-avx2-or-scalar"",""input_materialization"":""previous-output"",""kernel_form"":""owned-to-owned"",""name"":""Normalize"",""output_slot"":""output-f32-hwc"",""pixel_passes"":1,""policies"":[{""name"":""max-pixel-value"",""value"":""255""}],""probability"":1.0,""scratch_slots"":[],""selection_reason"":""semantic-legality:owned-to-owned"",""status"":""always""}],""transforms"":[""RandomCrop"",""Resize"",""HorizontalFlip"",""ColorJitter"",""Affine"",""GaussianBlur"",""Normalize""],""unit_specializations"":[]}",2473.0285325666946,layer2_case,0.406917,0.4043625,0.401332,0.438693,3,1.3811864354384866,512,,True,staged-fresh
rust,normalize,"{""buffers"":[{""condition"":""always"",""dtype"":""uint8"",""layout"":""HWC"",""lifecycle"":""borrowed-for-call"",""name"":""input""},{""condition"":""always"",""dtype"":""uint8"",""layout"":""HWC"",""lifecycle"":""owned-per-run-workspace-reusable"",""name"":""working-u8""},{""condition"":""Normalize-applied"",""dtype"":""float32"",""layout"":""HWC"",""lifecycle"":""owned-output"",""name"":""output-f32""}],""copies"":[{""condition"":""non-contiguous-input"",""count"":""0-or-1"",""reason"":""normalize-to-contiguous-HWC"",""stage"":""python-entry""},{""condition"":""always"",""count"":""1"",""reason"":""establish-owned-working-buffer"",""stage"":""native-entry""},{""condition"":""always"",""count"":""0"",""reason"":""transfer-Rust-Vec-ownership-to-NumPy-storage"",""stage"":""python-output""}],""fallbacks"":[""runtime-avx2-or-scalar""],""fusions"":[],""input"":{""channels"":""RGB"",""container"":""borrowed-buffer"",""contiguous"":true,""dtype"":""uint8"",""layout"":""HWC"",""ownership"":""caller""},""mode"":""staged-fresh"",""optimizations"":[],""output"":{""channels"":""RGB"",""container"":""owned-buffer"",""contiguous"":true,""dtype"":""float32"",""layout"":""HWC"",""ownership"":""result""},""output_dtype"":""float32"",""output_layout"":""HWC"",""passes"":1,""pixel_passes"":1,""python_boundary"":{""crossings_per_call"":1,""gil"":""held-during-augmentation"",""input"":""NumPy HWC RGB uint8"",""input_access"":""read-only-borrow"",""output"":""owned contiguous NumPy array""},""sampling"":""native-plan-before-execution"",""schema_version"":2,""steps"":[{""allocation"":""owned-f32-output"",""category"":""dtype"",""execution"":""terminal"",""fallback"":""runtime-avx2-or-scalar"",""input_materialization"":""owned-input-copy"",""kernel_form"":""owned-to-owned"",""name"":""Normalize"",""output_slot"":""output-f32-hwc"",""pixel_passes"":1,""policies"":[{""name"":""max-pixel-value"",""value"":""255""}],""probability"":1.0,""scratch_slots"":[],""selection_reason"":""semantic-legality:owned-to-owned"",""status"":""always""}],""transforms"":[""Normalize""],""unit_specializations"":[]}",2582.194477977109,layer2_case,0.3948575,0.3872675,0.36914749999999996,0.435243,3,6.63882200287915,1024,,True,staged-fresh
rust,normalize,"{""buffers"":[{""condition"":""always"",""dtype"":""uint8"",""layout"":""HWC"",""lifecycle"":""borrowed-for-call"",""name"":""input""},{""condition"":""always"",""dtype"":""uint8"",""layout"":""HWC"",""lifecycle"":""owned-per-run-workspace-reusable"",""name"":""working-u8""},{""condition"":""Normalize-applied"",""dtype"":""float32"",""layout"":""HWC"",""lifecycle"":""owned-output"",""name"":""output-f32""}],""copies"":[{""condition"":""non-contiguous-input"",""count"":""0-or-1"",""reason"":""normalize-to-contiguous-HWC"",""stage"":""python-entry""},{""condition"":""always"",""count"":""1"",""reason"":""establish-owned-working-buffer"",""stage"":""native-entry""},{""condition"":""always"",""count"":""0"",""reason"":""transfer-Rust-Vec-ownership-to-NumPy-storage"",""stage"":""python-output""}],""fallbacks"":[""runtime-avx2-or-scalar""],""fusions"":[],""input"":{""channels"":""RGB"",""container"":""borrowed-buffer"",""contiguous"":true,""dtype"":""uint8"",""layout"":""HWC"",""ownership"":""caller""},""mode"":""staged-fresh"",""optimizations"":[],""output"":{""channels"":""RGB"",""container"":""owned-buffer"",""contiguous"":true,""dtype"":""float32"",""layout"":""HWC"",""ownership"":""result""},""output_dtype"":""float32"",""output_layout"":""HWC"",""passes"":1,""pixel_passes"":1,""python_boundary"":{""crossings_per_call"":1,""gil"":""held-during-augmentation"",""input"":""NumPy HWC RGB uint8"",""input_access"":""read-only-borrow"",""output"":""owned contiguous NumPy array""},""sampling"":""native-plan-before-execution"",""schema_version"":2,""steps"":[{""allocation"":""owned-f32-output"",""category"":""dtype"",""execution"":""terminal"",""fallback"":""runtime-avx2-or-scalar"",""input_materialization"":""owned-input-copy"",""kernel_form"":""owned-to-owned"",""name"":""Normalize"",""output_slot"":""output-f32-hwc"",""pixel_passes"":1,""policies"":[{""name"":""max-pixel-value"",""value"":""255""}],""probability"":1.0,""scratch_slots"":[],""selection_reason"":""semantic-legality:owned-to-owned"",""status"":""always""}],""transforms"":[""Normalize""],""unit_specializations"":[]}",78369.90595611285,layer2_case,0.012855,0.01276,0.0127,0.01314,3,1.214733542319754,224,,True,staged-fresh
rust,normalize,"{""buffers"":[{""condition"":""always"",""dtype"":""uint8"",""layout"":""HWC"",""lifecycle"":""borrowed-for-call"",""name"":""input""},{""condition"":""always"",""dtype"":""uint8"",""layout"":""HWC"",""lifecycle"":""owned-per-run-workspace-reusable"",""name"":""working-u8""},{""condition"":""Normalize-applied"",""dtype"":""float32"",""layout"":""HWC"",""lifecycle"":""owned-output"",""name"":""output-f32""}],""copies"":[{""condition"":""non-contiguous-input"",""count"":""0-or-1"",""reason"":""normalize-to-contiguous-HWC"",""stage"":""python-entry""},{""condition"":""always"",""count"":""1"",""reason"":""establish-owned-working-buffer"",""stage"":""native-entry""},{""condition"":""always"",""count"":""0"",""reason"":""transfer-Rust-Vec-ownership-to-NumPy-storage"",""stage"":""python-output""}],""fallbacks"":[""runtime-avx2-or-scalar""],""fusions"":[],""input"":{""channels"":""RGB"",""container"":""borrowed-buffer"",""contiguous"":true,""dtype"":""uint8"",""layout"":""HWC"",""ownership"":""caller""},""mode"":""staged-fresh"",""optimizations"":[],""output"":{""channels"":""RGB"",""container"":""owned-buffer"",""contiguous"":true,""dtype"":""float32"",""layout"":""HWC"",""ownership"":""result""},""output_dtype"":""float32"",""output_layout"":""HWC"",""passes"":1,""pixel_passes"":1,""python_boundary"":{""crossings_per_call"":1,""gil"":""held-during-augmentation"",""input"":""NumPy HWC RGB uint8"",""input_access"":""read-only-borrow"",""output"":""owned contiguous NumPy array""},""sampling"":""native-plan-before-execution"",""schema_version"":2,""steps"":[{""allocation"":""owned-f32-output"",""category"":""dtype"",""execution"":""terminal"",""fallback"":""runtime-avx2-or-scalar"",""input_materialization"":""owned-input-copy"",""kernel_form"":""owned-to-owned"",""name"":""Normalize"",""output_slot"":""output-f32-hwc"",""pixel_passes"":1,""policies"":[{""name"":""max-pixel-value"",""value"":""255""}],""probability"":1.0,""scratch_slots"":[],""selection_reason"":""semantic-legality:owned-to-owned"",""status"":""always""}],""transforms"":[""Normalize""],""unit_specializations"":[]}",14822.390703396552,layer2_case,0.0679355,0.0674655,0.065675,0.07857,3,3.350601418502788,512,,True,staged-fresh
rust,color_jitter,"{""buffers"":[{""condition"":""always"",""dtype"":""uint8"",""layout"":""HWC"",""lifecycle"":""borrowed-for-call"",""name"":""input""},{""condition"":""always"",""dtype"":""uint8"",""layout"":""HWC"",""lifecycle"":""owned-per-run-workspace-reusable"",""name"":""working-u8""}],""copies"":[{""condition"":""non-contiguous-input"",""count"":""0-or-1"",""reason"":""normalize-to-contiguous-HWC"",""stage"":""python-entry""},{""condition"":""always"",""count"":""1"",""reason"":""establish-owned-working-buffer"",""stage"":""native-entry""},{""condition"":""always"",""count"":""0"",""reason"":""transfer-Rust-Vec-ownership-to-NumPy-storage"",""stage"":""python-output""}],""fallbacks"":[""runtime-avx2-or-numeric-safety-scalar""],""fusions"":[],""input"":{""channels"":""RGB"",""container"":""borrowed-buffer"",""contiguous"":true,""dtype"":""uint8"",""layout"":""HWC"",""ownership"":""caller""},""mode"":""staged-reuse"",""optimizations"":[],""output"":{""channels"":""RGB"",""container"":""owned-buffer"",""contiguous"":true,""dtype"":""uint8"",""layout"":""HWC"",""ownership"":""result""},""output_dtype"":""uint8"",""output_layout"":""HWC"",""passes"":1,""pixel_passes"":4,""python_boundary"":{""crossings_per_call"":1,""gil"":""held-during-augmentation"",""input"":""NumPy HWC RGB uint8"",""input_access"":""read-only-borrow"",""output"":""owned contiguous NumPy array""},""sampling"":""native-plan-before-execution"",""schema_version"":2,""steps"":[{""allocation"":""none"",""category"":""color"",""execution"":""in-place"",""fallback"":""runtime-avx2-or-numeric-safety-scalar"",""input_materialization"":""owned-input-copy"",""kernel_form"":""owned-in-place"",""name"":""ColorJitter"",""output_slot"":""working-u8"",""pixel_passes"":4,""policies"":[{""name"":""brightness"",""value"":""[0.8,1.2]""},{""name"":""contrast"",""value"":""[0.8,1.2]""},{""name"":""saturation"",""value"":""[0.8,1.2]""},{""name"":""hue"",""value"":""[0,0]""},{""name"":""order"",""value"":""uniform-random-permutation""}],""probability"":1.0,""scratch_slots"":[],""selection_reason"":""benchmark-policy:composed-color-matrix"",""status"":""always""}],""transforms"":[""ColorJitter""],""unit_specializations"":[]}",426.6960688704523,layer2_case,2.352064,2.3435885,2.3405645,2.367334,3,0.49067914439756694,1024,,True,staged-reuse
rust,color_jitter,"{""buffers"":[{""condition"":""always"",""dtype"":""uint8"",""layout"":""HWC"",""lifecycle"":""borrowed-for-call"",""name"":""input""},{""condition"":""always"",""dtype"":""uint8"",""layout"":""HWC"",""lifecycle"":""owned-per-run-workspace-reusable"",""name"":""working-u8""}],""copies"":[{""condition"":""non-contiguous-input"",""count"":""0-or-1"",""reason"":""normalize-to-contiguous-HWC"",""stage"":""python-entry""},{""condition"":""always"",""count"":""1"",""reason"":""establish-owned-working-buffer"",""stage"":""native-entry""},{""condition"":""always"",""count"":""0"",""reason"":""transfer-Rust-Vec-ownership-to-NumPy-storage"",""stage"":""python-output""}],""fallbacks"":[""runtime-avx2-or-numeric-safety-scalar""],""fusions"":[],""input"":{""channels"":""RGB"",""container"":""borrowed-buffer"",""contiguous"":true,""dtype"":""uint8"",""layout"":""HWC"",""ownership"":""caller""},""mode"":""staged-reuse"",""optimizations"":[],""output"":{""channels"":""RGB"",""container"":""owned-buffer"",""contiguous"":true,""dtype"":""uint8"",""layout"":""HWC"",""ownership"":""result""},""output_dtype"":""uint8"",""output_layout"":""HWC"",""passes"":1,""pixel_passes"":4,""python_boundary"":{""crossings_per_call"":1,""gil"":""held-during-augmentation"",""input"":""NumPy HWC RGB uint8"",""input_access"":""read-only-borrow"",""output"":""owned contiguous NumPy array""},""sampling"":""native-plan-before-execution"",""schema_version"":2,""steps"":[{""allocation"":""none"",""category"":""color"",""execution"":""in-place"",""fallback"":""runtime-avx2-or-numeric-safety-scalar"",""input_materialization"":""owned-input-copy"",""kernel_form"":""owned-in-place"",""name"":""ColorJitter"",""output_slot"":""working-u8"",""pixel_passes"":4,""policies"":[{""name"":""brightness"",""value"":""[0.8,1.2]""},{""name"":""contrast"",""value"":""[0.8,1.2]""},{""name"":""saturation"",""value"":""[0.8,1.2]""},{""name"":""hue"",""value"":""[0,0]""},{""name"":""order"",""value"":""uniform-random-permutation""}],""probability"":1.0,""scratch_slots"":[],""selection_reason"":""benchmark-policy:composed-color-matrix"",""status"":""always""}],""transforms"":[""ColorJitter""],""unit_specializations"":[]}",9129.043595747691,layer2_case,0.1097405,0.1095405,0.109291,0.121351,3,0.4103505096288637,224,,True,staged-reuse
rust,color_jitter,"{""buffers"":[{""condition"":""always"",""dtype"":""uint8"",""layout"":""HWC"",""lifecycle"":""borrowed-for-call"",""name"":""input""},{""condition"":""always"",""dtype"":""uint8"",""layout"":""HWC"",""lifecycle"":""owned-per-run-workspace-reusable"",""name"":""working-u8""}],""copies"":[{""condition"":""non-contiguous-input"",""count"":""0-or-1"",""reason"":""normalize-to-contiguous-HWC"",""stage"":""python-entry""},{""condition"":""always"",""count"":""1"",""reason"":""establish-owned-working-buffer"",""stage"":""native-entry""},{""condition"":""always"",""count"":""0"",""reason"":""transfer-Rust-Vec-ownership-to-NumPy-storage"",""stage"":""python-output""}],""fallbacks"":[""runtime-avx2-or-numeric-safety-scalar""],""fusions"":[],""input"":{""channels"":""RGB"",""container"":""borrowed-buffer"",""contiguous"":true,""dtype"":""uint8"",""layout"":""HWC"",""ownership"":""caller""},""mode"":""staged-reuse"",""optimizations"":[],""output"":{""channels"":""RGB"",""container"":""owned-buffer"",""contiguous"":true,""dtype"":""uint8"",""layout"":""HWC"",""ownership"":""result""},""output_dtype"":""uint8"",""output_layout"":""HWC"",""passes"":1,""pixel_passes"":4,""python_boundary"":{""crossings_per_call"":1,""gil"":""held-during-augmentation"",""input"":""NumPy HWC RGB uint8"",""input_access"":""read-only-borrow"",""output"":""owned contiguous NumPy array""},""sampling"":""native-plan-before-execution"",""schema_version"":2,""steps"":[{""allocation"":""none"",""category"":""color"",""execution"":""in-place"",""fallback"":""runtime-avx2-or-numeric-safety-scalar"",""input_materialization"":""owned-input-copy"",""kernel_form"":""owned-in-place"",""name"":""ColorJitter"",""output_slot"":""working-u8"",""pixel_passes"":4,""policies"":[{""name"":""brightness"",""value"":""[0.8,1.2]""},{""name"":""contrast"",""value"":""[0.8,1.2]""},{""name"":""saturation"",""value"":""[0.8,1.2]""},{""name"":""hue"",""value"":""[0,0]""},{""name"":""order"",""value"":""uniform-random-permutation""}],""probability"":1.0,""scratch_slots"":[],""selection_reason"":""benchmark-policy:composed-color-matrix"",""status"":""always""}],""transforms"":[""ColorJitter""],""unit_specializations"":[]}",1738.2582825834343,layer2_case,0.579663,0.5752885,0.575194,0.597854,3,0.7768276264865466,512,,True,staged-reuse
rust,crop_resize,"{""buffers"":[{""condition"":""always"",""dtype"":""uint8"",""layout"":""HWC"",""lifecycle"":""borrowed-for-call"",""name"":""input""},{""condition"":""always"",""dtype"":""uint8"",""layout"":""HWC"",""lifecycle"":""owned-per-run-workspace-reusable"",""name"":""working-u8""},{""condition"":""out-of-place-step-applied"",""dtype"":""uint8"",""layout"":""HWC"",""lifecycle"":""owned-per-run-workspace-reusable"",""name"":""scratch-u8""}],""copies"":[{""condition"":""non-contiguous-input"",""count"":""0-or-1"",""reason"":""normalize-to-contiguous-HWC"",""stage"":""python-entry""},{""condition"":""always"",""count"":""1"",""reason"":""establish-owned-working-buffer"",""stage"":""native-entry""},{""condition"":""always"",""count"":""0"",""reason"":""transfer-Rust-Vec-ownership-to-NumPy-storage"",""stage"":""python-output""}],""fallbacks"":[""portable"",""portable-scalar""],""fusions"":[],""input"":{""channels"":""RGB"",""container"":""borrowed-buffer"",""contiguous"":true,""dtype"":""uint8"",""layout"":""HWC"",""ownership"":""caller""},""mode"":""staged-reuse"",""optimizations"":[],""output"":{""channels"":""RGB"",""container"":""owned-buffer"",""contiguous"":true,""dtype"":""uint8"",""layout"":""HWC"",""ownership"":""result""},""output_dtype"":""uint8"",""output_layout"":""HWC"",""passes"":2,""pixel_passes"":2,""python_boundary"":{""crossings_per_call"":1,""gil"":""held-during-augmentation"",""input"":""NumPy HWC RGB uint8"",""input_access"":""read-only-borrow"",""output"":""owned contiguous NumPy array""},""sampling"":""native-plan-before-execution"",""schema_version"":2,""steps"":[{""allocation"":""workspace-u8"",""category"":""geometry"",""execution"":""out-of-place"",""fallback"":""portable-scalar"",""input_materialization"":""owned-input-copy"",""kernel_form"":""owned-to-owned"",""name"":""RandomCrop"",""output_slot"":""scratch-u8"",""pixel_passes"":1,""policies"":[{""name"":""size"",""value"":""896x896""},{""name"":""origin"",""value"":""uniform-inclusive""}],""probability"":1.0,""scratch_slots"":[],""selection_reason"":""semantic-legality:owned-to-owned"",""status"":""always""},{""allocation"":""workspace-u8"",""category"":""geometry"",""execution"":""out-of-place"",""fallback"":""portable"",""input_materialization"":""previous-output"",""kernel_form"":""owned-to-owned"",""name"":""Resize"",""output_slot"":""scratch-u8"",""pixel_passes"":1,""policies"":[{""name"":""size"",""value"":""224x224""},{""name"":""interpolation"",""value"":""bilinear""},{""name"":""antialias"",""value"":""false""}],""probability"":1.0,""scratch_slots"":[],""selection_reason"":""semantic-legality:owned-to-owned"",""status"":""always""}],""transforms"":[""RandomCrop"",""Resize""],""unit_specializations"":[]}",5979.9313503880985,layer2_case,0.168566,0.16722599999999999,0.157996,0.190861,3,6.3207874373602175,1024,,True,staged-reuse
rust,crop_resize,"{""buffers"":[{""condition"":""always"",""dtype"":""uint8"",""layout"":""HWC"",""lifecycle"":""borrowed-for-call"",""name"":""input""},{""condition"":""always"",""dtype"":""uint8"",""layout"":""HWC"",""lifecycle"":""owned-per-run-workspace-reusable"",""name"":""working-u8""},{""condition"":""out-of-place-step-applied"",""dtype"":""uint8"",""layout"":""HWC"",""lifecycle"":""owned-per-run-workspace-reusable"",""name"":""scratch-u8""}],""copies"":[{""condition"":""non-contiguous-input"",""count"":""0-or-1"",""reason"":""normalize-to-contiguous-HWC"",""stage"":""python-entry""},{""condition"":""always"",""count"":""1"",""reason"":""establish-owned-working-buffer"",""stage"":""native-entry""},{""condition"":""always"",""count"":""0"",""reason"":""transfer-Rust-Vec-ownership-to-NumPy-storage"",""stage"":""python-output""}],""fallbacks"":[""portable"",""portable-scalar""],""fusions"":[],""input"":{""channels"":""RGB"",""container"":""borrowed-buffer"",""contiguous"":true,""dtype"":""uint8"",""layout"":""HWC"",""ownership"":""caller""},""mode"":""staged-reuse"",""optimizations"":[],""output"":{""channels"":""RGB"",""container"":""owned-buffer"",""contiguous"":true,""dtype"":""uint8"",""layout"":""HWC"",""ownership"":""result""},""output_dtype"":""uint8"",""output_layout"":""HWC"",""passes"":2,""pixel_passes"":2,""python_boundary"":{""crossings_per_call"":1,""gil"":""held-during-augmentation"",""input"":""NumPy HWC RGB uint8"",""input_access"":""read-only-borrow"",""output"":""owned contiguous NumPy array""},""sampling"":""native-plan-before-execution"",""schema_version"":2,""steps"":[{""allocation"":""workspace-u8"",""category"":""geometry"",""execution"":""out-of-place"",""fallback"":""portable-scalar"",""input_materialization"":""owned-input-copy"",""kernel_form"":""owned-to-owned"",""name"":""RandomCrop"",""output_slot"":""scratch-u8"",""pixel_passes"":1,""policies"":[{""name"":""size"",""value"":""196x196""},{""name"":""origin"",""value"":""uniform-inclusive""}],""probability"":1.0,""scratch_slots"":[],""selection_reason"":""semantic-legality:owned-to-owned"",""status"":""always""},{""allocation"":""workspace-u8"",""category"":""geometry"",""execution"":""out-of-place"",""fallback"":""portable"",""input_materialization"":""previous-output"",""kernel_form"":""owned-to-owned"",""name"":""Resize"",""output_slot"":""scratch-u8"",""pixel_passes"":1,""policies"":[{""name"":""size"",""value"":""224x224""},{""name"":""interpolation"",""value"":""bilinear""},{""name"":""antialias"",""value"":""false""}],""probability"":1.0,""scratch_slots"":[],""selection_reason"":""semantic-legality:owned-to-owned"",""status"":""always""}],""transforms"":[""RandomCrop"",""Resize""],""unit_specializations"":[]}",17761.831600074598,layer2_case,0.0565255,0.0563005,0.056156,0.06653,3,0.6562996776227595,224,,True,staged-reuse
rust,crop_resize,"{""buffers"":[{""condition"":""always"",""dtype"":""uint8"",""layout"":""HWC"",""lifecycle"":""borrowed-for-call"",""name"":""input""},{""condition"":""always"",""dtype"":""uint8"",""layout"":""HWC"",""lifecycle"":""owned-per-run-workspace-reusable"",""name"":""working-u8""},{""condition"":""out-of-place-step-applied"",""dtype"":""uint8"",""layout"":""HWC"",""lifecycle"":""owned-per-run-workspace-reusable"",""name"":""scratch-u8""}],""copies"":[{""condition"":""non-contiguous-input"",""count"":""0-or-1"",""reason"":""normalize-to-contiguous-HWC"",""stage"":""python-entry""},{""condition"":""always"",""count"":""1"",""reason"":""establish-owned-working-buffer"",""stage"":""native-entry""},{""condition"":""always"",""count"":""0"",""reason"":""transfer-Rust-Vec-ownership-to-NumPy-storage"",""stage"":""python-output""}],""fallbacks"":[""portable"",""portable-scalar""],""fusions"":[],""input"":{""channels"":""RGB"",""container"":""borrowed-buffer"",""contiguous"":true,""dtype"":""uint8"",""layout"":""HWC"",""ownership"":""caller""},""mode"":""staged-reuse"",""optimizations"":[],""output"":{""channels"":""RGB"",""container"":""owned-buffer"",""contiguous"":true,""dtype"":""uint8"",""layout"":""HWC"",""ownership"":""result""},""output_dtype"":""uint8"",""output_layout"":""HWC"",""passes"":2,""pixel_passes"":2,""python_boundary"":{""crossings_per_call"":1,""gil"":""held-during-augmentation"",""input"":""NumPy HWC RGB uint8"",""input_access"":""read-only-borrow"",""output"":""owned contiguous NumPy array""},""sampling"":""native-plan-before-execution"",""schema_version"":2,""steps"":[{""allocation"":""workspace-u8"",""category"":""geometry"",""execution"":""out-of-place"",""fallback"":""portable-scalar"",""input_materialization"":""owned-input-copy"",""kernel_form"":""owned-to-owned"",""name"":""RandomCrop"",""output_slot"":""scratch-u8"",""pixel_passes"":1,""policies"":[{""name"":""size"",""value"":""448x448""},{""name"":""origin"",""value"":""uniform-inclusive""}],""probability"":1.0,""scratch_slots"":[],""selection_reason"":""semantic-legality:owned-to-owned"",""status"":""always""},{""allocation"":""workspace-u8"",""category"":""geometry"",""execution"":""out-of-place"",""fallback"":""portable"",""input_materialization"":""previous-output"",""kernel_form"":""owned-to-owned"",""name"":""Resize"",""output_slot"":""scratch-u8"",""pixel_passes"":1,""policies"":[{""name"":""size"",""value"":""224x224""},{""name"":""interpolation"",""value"":""bilinear""},{""name"":""antialias"",""value"":""false""}],""probability"":1.0,""scratch_slots"":[],""selection_reason"":""semantic-legality:owned-to-owned"",""status"":""always""}],""transforms"":[""RandomCrop"",""Resize""],""unit_specializations"":[]}",12643.663627972843,layer2_case,0.0795505,0.079091,0.0787755,0.094521,3,0.9798839311678926,512,,True,staged-reuse
rust,full,"{""buffers"":[{""condition"":""always"",""dtype"":""uint8"",""layout"":""HWC"",""lifecycle"":""borrowed-for-call"",""name"":""input""},{""condition"":""always"",""dtype"":""uint8"",""layout"":""HWC"",""lifecycle"":""owned-per-run-workspace-reusable"",""name"":""working-u8""},{""condition"":""out-of-place-step-applied"",""dtype"":""uint8"",""layout"":""HWC"",""lifecycle"":""owned-per-run-workspace-reusable"",""name"":""scratch-u8""},{""condition"":""GaussianBlur-applied"",""dtype"":""uint16"",""layout"":""HWC"",""lifecycle"":""owned-per-run-workspace-reusable"",""name"":""blur-temp""},{""condition"":""Normalize-applied"",""dtype"":""float32"",""layout"":""HWC"",""lifecycle"":""owned-output"",""name"":""output-f32""}],""copies"":[{""condition"":""non-contiguous-input"",""count"":""0-or-1"",""reason"":""normalize-to-contiguous-HWC"",""stage"":""python-entry""},{""condition"":""always"",""count"":""1"",""reason"":""establish-owned-working-buffer"",""stage"":""native-entry""},{""condition"":""always"",""count"":""0"",""reason"":""transfer-Rust-Vec-ownership-to-NumPy-storage"",""stage"":""python-output""}],""fallbacks"":[""portable"",""portable-scalar"",""runtime-avx2-or-numeric-safety-scalar"",""runtime-avx2-or-scalar""],""fusions"":[],""input"":{""channels"":""RGB"",""container"":""borrowed-buffer"",""contiguous"":true,""dtype"":""uint8"",""layout"":""HWC"",""ownership"":""caller""},""mode"":""staged-reuse"",""optimizations"":[],""output"":{""channels"":""RGB"",""container"":""owned-buffer"",""contiguous"":true,""dtype"":""float32"",""layout"":""HWC"",""ownership"":""result""},""output_dtype"":""float32"",""output_layout"":""HWC"",""passes"":7,""pixel_passes"":11,""python_boundary"":{""crossings_per_call"":1,""gil"":""held-during-augmentation"",""input"":""NumPy HWC RGB uint8"",""input_access"":""read-only-borrow"",""output"":""owned contiguous NumPy array""},""sampling"":""native-plan-before-execution"",""schema_version"":2,""steps"":[{""allocation"":""workspace-u8"",""category"":""geometry"",""execution"":""out-of-place"",""fallback"":""portable-scalar"",""input_materialization"":""owned-input-copy"",""kernel_form"":""owned-to-owned"",""name"":""RandomCrop"",""output_slot"":""scratch-u8"",""pixel_passes"":1,""policies"":[{""name"":""size"",""value"":""448x448""},{""name"":""origin"",""value"":""uniform-inclusive""}],""probability"":1.0,""scratch_slots"":[],""selection_reason"":""semantic-legality:owned-to-owned"",""status"":""always""},{""allocation"":""workspace-u8"",""category"":""geometry"",""execution"":""out-of-place"",""fallback"":""portable"",""input_materialization"":""previous-output"",""kernel_form"":""owned-to-owned"",""name"":""Resize"",""output_slot"":""scratch-u8"",""pixel_passes"":1,""policies"":[{""name"":""size"",""value"":""224x224""},{""name"":""interpolation"",""value"":""bilinear""},{""name"":""antialias"",""value"":""false""}],""probability"":1.0,""scratch_slots"":[],""selection_reason"":""semantic-legality:owned-to-owned"",""status"":""always""},{""allocation"":""none"",""category"":""geometry"",""execution"":""in-place"",""fallback"":""runtime-avx2-or-scalar"",""input_materialization"":""previous-output"",""kernel_form"":""owned-in-place"",""name"":""HorizontalFlip"",""output_slot"":""working-u8"",""pixel_passes"":1,""policies"":[],""probability"":0.5,""scratch_slots"":[],""selection_reason"":""semantic-legality:owned-in-place"",""status"":""conditional""},{""allocation"":""none"",""category"":""color"",""execution"":""in-place"",""fallback"":""runtime-avx2-or-numeric-safety-scalar"",""input_materialization"":""previous-output"",""kernel_form"":""owned-in-place"",""name"":""ColorJitter"",""output_slot"":""working-u8"",""pixel_passes"":4,""policies"":[{""name"":""brightness"",""value"":""[0.8,1.2]""},{""name"":""contrast"",""value"":""[0.8,1.2]""},{""name"":""saturation"",""value"":""[0.8,1.2]""},{""name"":""hue"",""value"":""[0,0]""},{""name"":""order"",""value"":""uniform-random-permutation""}],""probability"":1.0,""scratch_slots"":[],""selection_reason"":""benchmark-policy:composed-color-matrix"",""status"":""always""},{""allocation"":""workspace-u8"",""category"":""geometry"",""execution"":""out-of-place"",""fallback"":""runtime-avx2-or-scalar"",""input_materialization"":""previous-output"",""kernel_form"":""owned-to-owned"",""name"":""Affine"",""output_slot"":""scratch-u8"",""pixel_passes"":1,""policies"":[{""name"":""degrees"",""value"":""[-10,10]""},{""name"":""translate-fraction"",""value"":""[-0,0]x[-0,0]""},{""name"":""scale"",""value"":""[1,1]""},{""name"":""shear-degrees"",""value"":""[0,0]x[0,0]""},{""name"":""interpolation"",""value"":""bilinear""},{""name"":""border"",""value"":""constant""},{""name"":""fill"",""value"":""[0,0,0]""}],""probability"":1.0,""scratch_slots"":[],""selection_reason"":""benchmark-policy:affine-copy-then-transform"",""status"":""always""},{""allocation"":""workspace-u16"",""category"":""filter"",""execution"":""in-place"",""fallback"":""runtime-avx2-or-scalar"",""input_materialization"":""previous-output"",""kernel_form"":""owned-in-place"",""name"":""GaussianBlur"",""output_slot"":""working-u8"",""pixel_passes"":2,""policies"":[{""name"":""kernel-size"",""value"":""5""},{""name"":""sigma"",""value"":""[1.1,1.1]""},{""name"":""border"",""value"":""reflect101""}],""probability"":1.0,""scratch_slots"":[""blur-temp""],""selection_reason"":""semantic-legality:owned-in-place"",""status"":""always""},{""allocation"":""owned-f32-output"",""category"":""dtype"",""execution"":""terminal"",""fallback"":""runtime-avx2-or-scalar"",""input_materialization"":""previous-output"",""kernel_form"":""owned-to-owned"",""name"":""Normalize"",""output_slot"":""output-f32-hwc"",""pixel_passes"":1,""policies"":[{""name"":""max-pixel-value"",""value"":""255""}],""probability"":1.0,""scratch_slots"":[],""selection_reason"":""semantic-legality:owned-to-owned"",""status"":""always""}],""transforms"":[""RandomCrop"",""Resize"",""HorizontalFlip"",""ColorJitter"",""Affine"",""GaussianBlur"",""Normalize""],""unit_specializations"":[]}",2553.4826950477755,layer2_case,0.3951925,0.391622,0.38808200000000004,0.427663,3,1.8156538703137115,512,,True,staged-reuse
rust,normalize,"{""buffers"":[{""condition"":""always"",""dtype"":""uint8"",""layout"":""HWC"",""lifecycle"":""borrowed-for-call"",""name"":""input""},{""condition"":""always"",""dtype"":""uint8"",""layout"":""HWC"",""lifecycle"":""owned-per-run-workspace-reusable"",""name"":""working-u8""},{""condition"":""Normalize-applied"",""dtype"":""float32"",""layout"":""HWC"",""lifecycle"":""owned-output"",""name"":""output-f32""}],""copies"":[{""condition"":""non-contiguous-input"",""count"":""0-or-1"",""reason"":""normalize-to-contiguous-HWC"",""stage"":""python-entry""},{""condition"":""always"",""count"":""1"",""reason"":""establish-owned-working-buffer"",""stage"":""native-entry""},{""condition"":""always"",""count"":""0"",""reason"":""transfer-Rust-Vec-ownership-to-NumPy-storage"",""stage"":""python-output""}],""fallbacks"":[""runtime-avx2-or-scalar""],""fusions"":[],""input"":{""channels"":""RGB"",""container"":""borrowed-buffer"",""contiguous"":true,""dtype"":""uint8"",""layout"":""HWC"",""ownership"":""caller""},""mode"":""staged-reuse"",""optimizations"":[],""output"":{""channels"":""RGB"",""container"":""owned-buffer"",""contiguous"":true,""dtype"":""float32"",""layout"":""HWC"",""ownership"":""result""},""output_dtype"":""float32"",""output_layout"":""HWC"",""passes"":1,""pixel_passes"":1,""python_boundary"":{""crossings_per_call"":1,""gil"":""held-during-augmentation"",""input"":""NumPy HWC RGB uint8"",""input_access"":""read-only-borrow"",""output"":""owned contiguous NumPy array""},""sampling"":""native-plan-before-execution"",""schema_version"":2,""steps"":[{""allocation"":""owned-f32-output"",""category"":""dtype"",""execution"":""terminal"",""fallback"":""runtime-avx2-or-scalar"",""input_materialization"":""owned-input-copy"",""kernel_form"":""owned-to-owned"",""name"":""Normalize"",""output_slot"":""output-f32-hwc"",""pixel_passes"":1,""policies"":[{""name"":""max-pixel-value"",""value"":""255""}],""probability"":1.0,""scratch_slots"":[],""selection_reason"":""semantic-legality:owned-to-owned"",""status"":""always""}],""transforms"":[""Normalize""],""unit_specializations"":[]}",2541.5059693621456,layer2_case,0.400528,0.39346749999999997,0.368632,0.419282,3,8.106387439877496,1024,,True,staged-reuse
rust,normalize,"{""buffers"":[{""condition"":""always"",""dtype"":""uint8"",""layout"":""HWC"",""lifecycle"":""borrowed-for-call"",""name"":""input""},{""condition"":""always"",""dtype"":""uint8"",""layout"":""HWC"",""lifecycle"":""owned-per-run-workspace-reusable"",""name"":""working-u8""},{""condition"":""Normalize-applied"",""dtype"":""float32"",""layout"":""HWC"",""lifecycle"":""owned-output"",""name"":""output-f32""}],""copies"":[{""condition"":""non-contiguous-input"",""count"":""0-or-1"",""reason"":""normalize-to-contiguous-HWC"",""stage"":""python-entry""},{""condition"":""always"",""count"":""1"",""reason"":""establish-owned-working-buffer"",""stage"":""native-entry""},{""condition"":""always"",""count"":""0"",""reason"":""transfer-Rust-Vec-ownership-to-NumPy-storage"",""stage"":""python-output""}],""fallbacks"":[""runtime-avx2-or-scalar""],""fusions"":[],""input"":{""channels"":""RGB"",""container"":""borrowed-buffer"",""contiguous"":true,""dtype"":""uint8"",""layout"":""HWC"",""ownership"":""caller""},""mode"":""staged-reuse"",""optimizations"":[],""output"":{""channels"":""RGB"",""container"":""owned-buffer"",""contiguous"":true,""dtype"":""float32"",""layout"":""HWC"",""ownership"":""result""},""output_dtype"":""float32"",""output_layout"":""HWC"",""passes"":1,""pixel_passes"":1,""python_boundary"":{""crossings_per_call"":1,""gil"":""held-during-augmentation"",""input"":""NumPy HWC RGB uint8"",""input_access"":""read-only-borrow"",""output"":""owned contiguous NumPy array""},""sampling"":""native-plan-before-execution"",""schema_version"":2,""steps"":[{""allocation"":""owned-f32-output"",""category"":""dtype"",""execution"":""terminal"",""fallback"":""runtime-avx2-or-scalar"",""input_materialization"":""owned-input-copy"",""kernel_form"":""owned-to-owned"",""name"":""Normalize"",""output_slot"":""output-f32-hwc"",""pixel_passes"":1,""policies"":[{""name"":""max-pixel-value"",""value"":""255""}],""probability"":1.0,""scratch_slots"":[],""selection_reason"":""semantic-legality:owned-to-owned"",""status"":""always""}],""transforms"":[""Normalize""],""unit_specializations"":[]}",77669.90291262136,layer2_case,0.01294,0.012875000000000001,0.012865,0.01318,3,0.5825242718446634,224,,True,staged-reuse
rust,normalize,"{""buffers"":[{""condition"":""always"",""dtype"":""uint8"",""layout"":""HWC"",""lifecycle"":""borrowed-for-call"",""name"":""input""},{""condition"":""always"",""dtype"":""uint8"",""layout"":""HWC"",""lifecycle"":""owned-per-run-workspace-reusable"",""name"":""working-u8""},{""condition"":""Normalize-applied"",""dtype"":""float32"",""layout"":""HWC"",""lifecycle"":""owned-output"",""name"":""output-f32""}],""copies"":[{""condition"":""non-contiguous-input"",""count"":""0-or-1"",""reason"":""normalize-to-contiguous-HWC"",""stage"":""python-entry""},{""condition"":""always"",""count"":""1"",""reason"":""establish-owned-working-buffer"",""stage"":""native-entry""},{""condition"":""always"",""count"":""0"",""reason"":""transfer-Rust-Vec-ownership-to-NumPy-storage"",""stage"":""python-output""}],""fallbacks"":[""runtime-avx2-or-scalar""],""fusions"":[],""input"":{""channels"":""RGB"",""container"":""borrowed-buffer"",""contiguous"":true,""dtype"":""uint8"",""layout"":""HWC"",""ownership"":""caller""},""mode"":""staged-reuse"",""optimizations"":[],""output"":{""channels"":""RGB"",""container"":""owned-buffer"",""contiguous"":true,""dtype"":""float32"",""layout"":""HWC"",""ownership"":""result""},""output_dtype"":""float32"",""output_layout"":""HWC"",""passes"":1,""pixel_passes"":1,""python_boundary"":{""crossings_per_call"":1,""gil"":""held-during-augmentation"",""input"":""NumPy HWC RGB uint8"",""input_access"":""read-only-borrow"",""output"":""owned contiguous NumPy array""},""sampling"":""native-plan-before-execution"",""schema_version"":2,""steps"":[{""allocation"":""owned-f32-output"",""category"":""dtype"",""execution"":""terminal"",""fallback"":""runtime-avx2-or-scalar"",""input_materialization"":""owned-input-copy"",""kernel_form"":""owned-to-owned"",""name"":""Normalize"",""output_slot"":""output-f32-hwc"",""pixel_passes"":1,""policies"":[{""name"":""max-pixel-value"",""value"":""255""}],""probability"":1.0,""scratch_slots"":[],""selection_reason"":""semantic-legality:owned-to-owned"",""status"":""always""}],""transforms"":[""Normalize""],""unit_specializations"":[]}",15423.76802652888,layer2_case,0.06486549999999999,0.064835,0.064455,0.078761,3,0.6331456774890016,512,,True,staged-reuse
torchvision,crop_resize,,933.1304707689883,layer2_case,1.072136,1.0716614999999998,1.030001,1.144237,3,3.9317452385851355,1024,,True,best-official
torchvision,crop_resize,,7164.042239193043,layer2_case,0.140265,0.139586,0.1385355,0.196131,3,1.239021105268433,224,,True,best-official
torchvision,crop_resize,,2813.9131119909275,layer2_case,0.3560875,0.35537700000000005,0.34104199999999996,0.409002,3,4.233672972645962,512,,True,best-official
torchvision,full,,547.6523240174022,layer2_case,1.8345060000000002,1.825976,1.8170804999999999,1.940542,3,0.9543115572165415,512,,True,best-official
torchvision,color_jitter,,147.68297958090818,layer2_case,6.7840454999999995,6.771261,6.6191545,6.978401,3,2.435159418607552,1024,,True,stock
torchvision,color_jitter,,4086.5364968574536,layer2_case,0.24648599999999998,0.24470599999999998,0.24358649999999998,0.310922,3,1.1848912572638184,224,,True,stock
torchvision,color_jitter,,897.0283245663765,layer2_case,1.1252469999999999,1.114792,1.1144815000000001,1.181017,3,0.9656958428119111,512,,True,stock
torchvision,crop_resize,,947.5650657396952,layer2_case,1.0558765,1.0553365000000001,1.030671,1.131396,3,2.388385126450209,1024,,True,stock
torchvision,crop_resize,,7422.1968218153215,layer2_case,0.136671,0.134731,0.13430550000000002,0.187451,3,1.7557206582003881,224,,True,stock
torchvision,crop_resize,,2949.491433939503,layer2_case,0.351002,0.3390415,0.338592,0.400023,3,3.6603188695189166,512,,True,stock
torchvision,full,,548.3987988969507,layer2_case,1.8240660000000002,1.8234905000000001,1.8115705000000002,1.915042,3,0.6852517191616843,512,,True,stock
torchvision,normalize,,571.6848495797116,layer2_case,1.7759705000000001,1.7492155,1.736245,1.897961,3,2.271046649197888,1024,,True,stock
torchvision,normalize,,22313.459478757588,layer2_case,0.045524999999999996,0.044815999999999995,0.04457,0.06972,3,2.130935380221344,224,,True,stock
torchvision,normalize,,6023.515805705474,layer2_case,0.169791,0.166016,0.165381,0.222411,3,2.656370470316112,512,,True,stock
